peptide_id	peptide_seq	scaffold	scaffold_parent_seq	mutation_label	analog_class	kd_M	kd_sd_M	ddG_kcal_per_mol
PMI_WT	TSFAEYWNLLSP	PMI	TSFAEYWNLLSP	WT	parent	8.500e-09	1.700e-09	0.00
PMI_T1A	ASFAEYWNLLSP	PMI	TSFAEYWNLLSP	T1A	ala_scan	1.600e-08	3.000e-09	0.35
PMI_S2A	TAFAEYWNLLSP	PMI	TSFAEYWNLLSP	S2A	ala_scan	3.700e-08	4.000e-09	0.85
PMI_F3A	TSAAEYWNLLSP	PMI	TSFAEYWNLLSP	F3A	ala_scan	1.200e-04	1.000e-05	5.57
PMI_A4A	TSFAEYWNLLSP	PMI	TSFAEYWNLLSP	A4A	control_redundant	8.500e-09	1.700e-09	0.00
PMI_E5A	TSFAAYWNLLSP	PMI	TSFAEYWNLLSP	E5A	ala_scan	6.700e-08	9.000e-09	1.20
PMI_Y6A	TSFAEAWNLLSP	PMI	TSFAEYWNLLSP	Y6A	ala_scan	6.700e-07	8.000e-08	2.55
PMI_W7A	TSFAEYANLLSP	PMI	TSFAEYWNLLSP	W7A	ala_scan	2.300e-04	1.000e-05	5.94
PMI_N8A	TSFAEYWALLSP	PMI	TSFAEYWNLLSP	N8A	ala_scan	2.400e-09	6.000e-10	-0.74
PMI_L9A	TSFAEYWNALSP	PMI	TSFAEYWNLLSP	L9A	ala_scan	9.000e-09	2.100e-09	0.03
PMI_L10A	TSFAEYWNLASP	PMI	TSFAEYWNLLSP	L10A	ala_scan	4.300e-07	4.000e-08	2.28
PMI_S11A	TSFAEYWNLLAP	PMI	TSFAEYWNLLSP	S11A	ala_scan	1.100e-08	2.000e-09	0.17
PMI_P12A	TSFAEYWNLLSA	PMI	TSFAEYWNLLSP	P12A	ala_scan	1.400e-08	3.000e-09	0.31
PMI_1_10	TSFAEYWNLL	PMI	TSFAEYWNLLSP	1-10	truncation	2.900e-08	5.000e-09	0.71
PMI_2_10	SFAEYWNLL	PMI	TSFAEYWNLLSP	2-10	truncation	6.700e-07	6.000e-08	2.55
PMI_3_10	FAEYWNLL	PMI	TSFAEYWNLLSP	3-10	truncation	4.400e-05	5.000e-06	4.98
PMI_3_11	FAEYWNLLS	PMI	TSFAEYWNLLSP	3-11	truncation	3.700e-05	1.000e-06	4.88
PMI_3_12	FAEYWNLLSP	PMI	TSFAEYWNLLSP	3-12	truncation	8.800e-06	1.000e-06	4.04
p53_17_28_WT	ETFSDLWKLLPE	p53_17_28	ETFSDLWKLLPE	WT	parent	6.400e-07	5.000e-08	0.00
p53_17_28_E17A	ATFSDLWKLLPE	p53_17_28	ETFSDLWKLLPE	E17A	ala_scan	6.800e-07	1.000e-08	0.03
p53_17_28_T18A	EAFSDLWKLLPE	p53_17_28	ETFSDLWKLLPE	T18A	ala_scan	2.300e-06	1.000e-07	0.75
p53_17_28_F19A	ETASDLWKLLPE	p53_17_28	ETFSDLWKLLPE	F19A	not_determined			
p53_17_28_S20A	ETFADLWKLLPE	p53_17_28	ETFSDLWKLLPE	S20A	ala_scan	3.100e-07	1.000e-08	-0.43
p53_17_28_D21A	ETFSALWKLLPE	p53_17_28	ETFSDLWKLLPE	D21A	ala_scan	1.100e-06	1.000e-07	0.32
p53_17_28_L22A	ETFSDAWKLLPE	p53_17_28	ETFSDLWKLLPE	L22A	ala_scan	9.000e-06	8.000e-07	1.54
p53_17_28_W23A	ETFSDLAKLLPE	p53_17_28	ETFSDLWKLLPE	W23A	not_determined			
p53_17_28_K24A	ETFSDLWALLPE	p53_17_28	ETFSDLWKLLPE	K24A	ala_scan	4.900e-07	4.000e-08	-0.15
p53_17_28_L25A	ETFSDLWKALPE	p53_17_28	ETFSDLWKLLPE	L25A	ala_scan	6.900e-07	6.000e-08	0.04
p53_17_28_L26A	ETFSDLWKLAPE	p53_17_28	ETFSDLWKLLPE	L26A	ala_scan	6.600e-05	1.000e-06	2.70
p53_17_28_P27A	ETFSDLWKLLAE	p53_17_28	ETFSDLWKLLPE	P27A	ala_scan	2.400e-07	2.000e-08	-0.58
p53_17_28_E28A	ETFSDLWKLLPA	p53_17_28	ETFSDLWKLLPE	E28A	ala_scan	3.300e-07	1.000e-08	-0.39
p53_17_28_17_26	ETFSDLWKLL	p53_17_28	ETFSDLWKLLPE	17-26	truncation	3.900e-07	2.000e-08	-0.29
p53_17_28_18_26	TFSDLWKLL	p53_17_28	ETFSDLWKLLPE	18-26	truncation	2.400e-06	1.000e-07	0.77
p53_17_28_19_26	FSDLWKLL	p53_17_28	ETFSDLWKLLPE	19-26	truncation	1.300e-04	2.000e-05	3.07
p53_17_28_19_27	FSDLWKLLP	p53_17_28	ETFSDLWKLLPE	19-27	truncation	1.600e-04	1.000e-05	3.20
p53_17_28_19_28	FSDLWKLLPE	p53_17_28	ETFSDLWKLLPE	19-28	truncation	1.900e-04	4.000e-05	3.30
