target	ligand_id	active_raw	affinity_source	affinity_raw	affinity_is_censored	affinity_um	p_affinity	ki_raw	ki_um	ki_is_censored	pki	active_bool
ADRA2B	ZINC000004511922	no	pki	4.0	False	100	4	4.0	100	False	4	False
ADRA2B	ZINC000008701009	no	pki	4.0	False	100	4	4.0	100	False	4	False
ADRA2B	ZINC000037658181	no	pki	4.0	False	100	4	4.0	100	False	4	False
ADRA2B	ZINC000043561493	yes	pki	7.0	False	0.10000000000000001	7	7.0	0.10000000000000001	False	7	True
ADRA2B	ZINC000051955264	yes	pki	5.54	False	2.8840315031266055	5.54	5.54	2.8840315031266055	False	5.54	True
ADRA2B	ZINC000067217963	yes	pki	5.06	False	8.7096358995608139	5.0599999999999996	5.06	8.7096358995608139	False	5.0599999999999996	True
ADRA2B	ZINC000069841447	yes	pki	5.3	False	5.0118723362727247	5.2999999999999998	5.3	5.0118723362727247	False	5.2999999999999998	True
ADRA2B	ZINC000070141158	yes	pki	5.4	False	3.9810717055349691	5.4000000000000004	5.4	3.9810717055349691	False	5.4000000000000004	True
ADRA2B	ZINC000093063788	yes	pki	5.51	False	3.0902954325135918	5.5099999999999998	5.51	3.0902954325135918	False	5.5099999999999998	True
ADRA2B	ZINC000149781774	yes	pki	5.09	False	8.1283051616409949	5.0899999999999999	5.09	8.1283051616409949	False	5.0899999999999999	True
ADRA2B	ZINC000220405343	yes	pki	5.03	False	9.332543007969905	5.0300000000000002	5.03	9.332543007969905	False	5.0300000000000002	True
ADRA2B	ZINC000225502004	yes	pki	6.16	False	0.69183097091893631	6.1600000000000001	6.16	0.69183097091893631	False	6.1600000000000001	True
ADRA2B	ZINC000250872923	no	pki	4.0	False	100	4	4.0	100	False	4	False
ADRA2B	ZINC000277364411	no	pki	4.0	False	100	4	4.0	100	False	4	False
ADRA2B	ZINC000277785747	no	pki	4.0	False	100	4	4.0	100	False	4	False
ADRA2B	ZINC000301627464	yes	pki	6.77	False	0.16982436524617461	6.7699999999999996	6.77	0.16982436524617461	False	6.7699999999999996	True
ADRA2B	ZINC000308472964	no	pki	4.0	False	100	4	4.0	100	False	4	False
ADRA2B	ZINC000309615769	no	pki	4.0	False	100	4	4.0	100	False	4	False
ADRA2B	ZINC000335607886	no	pki	4.0	False	100	4	4.0	100	False	4	False
ADRA2B	ZINC000336765812	no	pki	4.0	False	100	4	4.0	100	False	4	False
ADRA2B	ZINC000386111627	yes	pki	5.82	False	1.5135612484362071	5.8200000000000003	5.82	1.5135612484362071	False	5.8200000000000003	True
ADRA2B	ZINC000486979245	no	pki	4.0	False	100	4	4.0	100	False	4	False
ADRA2B	ZINC000585297344	no	pki	4.0	False	100	4	4.0	100	False	4	False
ADRA2B	ZINC000639363607	no	pki	4.0	False	100	4	4.0	100	False	4	False
ADRA2B	ZINC000648153983	yes	pki	6.48	False	0.33113112148259077	6.4800000000000004	6.48	0.33113112148259077	False	6.4800000000000004	True
ADRA2B	ZINC000683473927	yes	pki	6.43	False	0.37153522909717279	6.4299999999999997	6.43	0.37153522909717279	False	6.4299999999999997	True
ADRA2B	ZINC000719898528	no	pki	4.0	False	100	4	4.0	100	False	4	False
ADRA2B	ZINC000721196064	yes	pki	5.82	False	1.5135612484362071	5.8200000000000003	5.82	1.5135612484362071	False	5.8200000000000003	True
ADRA2B	ZINC000727469098	no	pki	4.0	False	100	4	4.0	100	False	4	False
ADRA2B	ZINC000760654964	yes	pki	5.12	False	7.5857757502918357	5.1200000000000001	5.12	7.5857757502918357	False	5.1200000000000001	True
ADRA2B	ZINC000893821872	no	pki	4.0	False	100	4	4.0	100	False	4	False
ADRA2B	ZINC000895431854	no	pki	4.0	False	100	4	4.0	100	False	4	False
ADRA2B	ZINC000925721190	yes	pki	5.8	False	1.584893192461114	5.7999999999999998	5.8	1.584893192461114	False	5.7999999999999998	True
ADRA2B	ZINC001156008695	yes	pki	5.04	False	9.1201083935590965	5.04	5.04	9.1201083935590965	False	5.04	True
ADRA2B	ZINC001173879087	yes	pki	8.77	False	0.001698243652461746	8.7699999999999996	8.77	0.001698243652461746	False	8.7699999999999996	True
ADRA2B	ZINC001174514167	yes	pki	5.43	False	3.7153522909717278	5.4299999999999997	5.43	3.7153522909717278	False	5.4299999999999997	True
ADRA2B	ZINC001240651438	yes	pki	5.3	False	5.0118723362727247	5.2999999999999998	5.3	5.0118723362727247	False	5.2999999999999998	True
ADRA2B	ZINC001240659121	yes	pki	5.66	False	2.1877616239495516	5.6600000000000001	5.66	2.1877616239495516	False	5.6600000000000001	True
ADRA2B	ZINC001240663928	yes	pki	6.08	False	0.83176377110267086	6.0800000000000001	6.08	0.83176377110267086	False	6.0800000000000001	True
ADRA2B	ZINC001240664622	yes	pki	7.22	False	0.060255958607435808	7.2199999999999998	7.22	0.060255958607435808	False	7.2199999999999998	True
ADRA2B	ZINC001241683012	no	pki	4.0	False	100	4	4.0	100	False	4	False
ADRA2B	ZINC001242282998	yes	pki	6.8	False	0.15848931924611143	6.7999999999999998	6.8	0.15848931924611143	False	6.7999999999999998	True
ADRA2B	ZINC001242890172	yes	pki	6.59	False	0.25703957827688645	6.5899999999999999	6.59	0.25703957827688645	False	6.5899999999999999	True
ADRA2B	ZINC001244368689	yes	pki	5.96	False	1.0964781961431851	5.96	5.96	1.0964781961431851	False	5.96	True
CASR	ZINCkN000000yyUh	yes	EC50_μM	2.8	False	2.7999999999999998	5.5528419686577806	2.8	2.7999999999999998	False	5.5528419686577806	True
CASR	ZINClA000002pwTN	no	EC50_μM	100.0	False	100	4	100.0	100	False	4	False
CASR	ZINClC000002MBQJ	no	EC50_μM	100.0	False	100	4	100.0	100	False	4	False
CASR	ZINClH000003A0k1	no	EC50_μM	100.0	False	100	4	100.0	100	False	4	False
CASR	ZINClI000003MXqT	no	EC50_μM	100.0	False	100	4	100.0	100	False	4	False
CASR	ZINClP000001gDUO	yes	EC50_μM	4.0	False	4	5.3979400086720375	4.0	4	False	5.3979400086720375	True
CASR	ZINClq0000009ITP	no	EC50_μM	100.0	False	100	4	100.0	100	False	4	False
CASR	ZINClr000000qzeg	no	EC50_μM	100.0	False	100	4	100.0	100	False	4	False
CASR	ZINCmA000003uKpl	no	EC50_μM	100.0	False	100	4	100.0	100	False	4	False
CASR	ZINCmC000001rCj1	yes	EC50_μM	3.1	False	3.1000000000000001	5.5086383061657269	3.1	3.1000000000000001	False	5.5086383061657269	True
CASR	ZINCmI000002Ocip	yes	EC50_μM	7.5	False	7.5	5.1249387366082999	7.5	7.5	False	5.1249387366082999	True
CASR	ZINCmJ000002XPEo	no	EC50_μM	100.0	False	100	4	100.0	100	False	4	False
CASR	ZINCmM0000020vRz	no	EC50_μM	100.0	False	100	4	100.0	100	False	4	False
CASR	ZINCmO000002g40N	no	EC50_μM	100.0	False	100	4	100.0	100	False	4	False
CASR	ZINCmP000002jPjk	no	EC50_μM	100.0	False	100	4	100.0	100	False	4	False
CASR	ZINCmS000002AICB	yes	EC50_μM	1.0	False	1	6	1.0	1	False	6	True
CASR	ZINCmu0000013HZJ	no	EC50_μM	100.0	False	100	4	100.0	100	False	4	False
CASR	ZINCnA000000EKaS	no	EC50_μM	100.0	False	100	4	100.0	100	False	4	False
CASR	ZINCnA000000wiZc	no	EC50_μM	100.0	False	100	4	100.0	100	False	4	False
CASR	ZINCnA000005bqc8	no	EC50_μM	100.0	False	100	4	100.0	100	False	4	False
CASR	ZINCnA000005djBH	no	EC50_μM	100.0	False	100	4	100.0	100	False	4	False
CASR	ZINCnB000000J516	no	EC50_μM	100.0	False	100	4	100.0	100	False	4	False
CASR	ZINCnB000000QtFu	no	EC50_μM	100.0	False	100	4	100.0	100	False	4	False
CASR	ZINCnC0000015Hdj	no	EC50_μM	100.0	False	100	4	100.0	100	False	4	False
CASR	ZINCnC000007djlX	no	EC50_μM	100.0	False	100	4	100.0	100	False	4	False
CASR	ZINCnE000001JDJe	no	EC50_μM	100.0	False	100	4	100.0	100	False	4	False
CASR	ZINCnF0000024Qbs	no	EC50_μM	100.0	False	100	4	100.0	100	False	4	False
CASR	ZINCnF000005uMSE	no	EC50_μM	100.0	False	100	4	100.0	100	False	4	False
CASR	ZINCnG000005yPQ4	no	EC50_μM	100.0	False	100	4	100.0	100	False	4	False
CASR	ZINCnI000002TeXP	yes	EC50_μM	1.8	False	1.8	5.7447274948966935	1.8	1.8	False	5.7447274948966935	True
CASR	ZINCnI000008nyWF	no	EC50_μM	100.0	False	100	4	100.0	100	False	4	False
CASR	ZINCnK000003gy1Y	no	EC50_μM	100.0	False	100	4	100.0	100	False	4	False
CASR	ZINCnK000008AiIJ	yes	EC50_μM	0.27	False	0.27000000000000002	6.5686362358410122	0.27	0.27000000000000002	False	6.5686362358410122	True
CASR	ZINCnM000003nJTS	no	EC50_μM	100.0	False	100	4	100.0	100	False	4	False
CASR	ZINCnN000003ACUG	no	EC50_μM	100.0	False	100	4	100.0	100	False	4	False
CASR	ZINCnN000003ACUM	no	EC50_μM	100.0	False	100	4	100.0	100	False	4	False
CASR	ZINCnP000003Q2lH	yes	EC50_μM	0.89	False	0.89000000000000001	6.0506099933550876	0.89	0.89000000000000001	False	6.0506099933550876	True
CASR	ZINCnP000003Q31b	yes	EC50_μM	1.4	False	1.3999999999999999	5.8538719643217618	1.4	1.3999999999999999	False	5.8538719643217618	True
CASR	ZINCnR0000042O37	yes	EC50_μM	2.3	False	2.2999999999999998	5.6382721639824069	2.3	2.2999999999999998	False	5.6382721639824069	True
CASR	ZINCnR0000046VTe	yes	EC50_μM	0.74	False	0.73999999999999999	6.1307682802690238	0.74	0.73999999999999999	False	6.1307682802690238	True
CASR	ZINCnT000004kAtH	yes	EC50_μM	6.3	False	6.2999999999999998	5.2006594505464179	6.3	6.2999999999999998	False	5.2006594505464179	True
CASR	ZINCnT000004kgL0	yes	EC50_μM	1.9	False	1.8999999999999999	5.7212463990471711	1.9	1.8999999999999999	False	5.7212463990471711	True
CASR	ZINCoC000000HXXh	no	EC50_μM	100.0	False	100	4	100.0	100	False	4	False
CASR	ZINCoC000000SvSE	no	EC50_μM	100.0	False	100	4	100.0	100	False	4	False
CASR	ZINCoD000000ZS7g	no	EC50_μM	100.0	False	100	4	100.0	100	False	4	False
CASR	ZINCoD0000015r75	no	EC50_μM	100.0	False	100	4	100.0	100	False	4	False
CASR	ZINCoD0000015rha	yes	EC50_μM	0.89	False	0.89000000000000001	6.0506099933550876	0.89	0.89000000000000001	False	6.0506099933550876	True
CASR	ZINCoD0000016l3F	no	EC50_μM	100.0	False	100	4	100.0	100	False	4	False
CASR	ZINCoE0000008zFI	no	EC50_μM	100.0	False	100	4	100.0	100	False	4	False
CASR	ZINCoG000003eC8f	no	EC50_μM	100.0	False	100	4	100.0	100	False	4	False
CASR	ZINCoH000000y1BA	no	EC50_μM	100.0	False	100	4	100.0	100	False	4	False
CASR	ZINCoJ0000016Zre	no	EC50_μM	100.0	False	100	4	100.0	100	False	4	False
CASR	ZINCoM000005lFTi	no	EC50_μM	100.0	False	100	4	100.0	100	False	4	False
CASR	ZINCoM000005o6zg	no	EC50_μM	100.0	False	100	4	100.0	100	False	4	False
CASR	ZINCoN000005CqXi	no	EC50_μM	100.0	False	100	4	100.0	100	False	4	False
CASR	ZINCoP000005PDJu	yes	EC50_μM	4.8	False	4.7999999999999998	5.3187587626244124	4.8	4.7999999999999998	False	5.3187587626244124	True
CASR	ZINCoR000006mMNp	no	EC50_μM	100.0	False	100	4	100.0	100	False	4	False
CASR	ZINCoS000006rNXJ	yes	EC50_μM	5.8	False	5.7999999999999998	5.2365720064370631	5.8	5.7999999999999998	False	5.2365720064370631	True
CASR	ZINCoT000006Aq87	yes	EC50_μM	0.44	False	0.44	6.3565473235138121	0.44	0.44	False	6.3565473235138121	True
CASR	ZINCoT000006C9kX	no	EC50_μM	100.0	False	100	4	100.0	100	False	4	False
CASR	ZINCoT000006EbDT	yes	EC50_μM	10.0	False	10	5	10.0	10	False	5	True
CASR	ZINCox000000Li5k	no	EC50_μM	100.0	False	100	4	100.0	100	False	4	False
CASR	ZINCoy000003l59J	no	EC50_μM	100.0	False	100	4	100.0	100	False	4	False
CASR	ZINCpD000001Hwh6	yes	EC50_μM	46.0	False	46	4.3372421683184257	46.0	46	False	4.3372421683184257	True
CASR	ZINCpI000001QgQw	no	EC50_μM	100.0	False	100	4	100.0	100	False	4	False
CASR	ZINCpL000007zO2Y	no	EC50_μM	100.0	False	100	4	100.0	100	False	4	False
CASR	ZINCpO000008pvwI	yes	EC50_μM	4.8	False	4.7999999999999998	5.3187587626244124	4.8	4.7999999999999998	False	5.3187587626244124	True
CASR	ZINCpP000008IMNB	no	EC50_μM	100.0	False	100	4	100.0	100	False	4	False
CASR	ZINCpQ000008SuDI	yes	EC50_μM	2.4	False	2.3999999999999999	5.6197887582883936	2.4	2.3999999999999999	False	5.6197887582883936	True
CASR	ZINCpQ000008Wco5	no	EC50_μM	100.0	False	100	4	100.0	100	False	4	False
CASR	ZINCpR0000095kRO	yes	EC50_μM	0.34	False	0.34000000000000002	6.4685210829577446	0.34	0.34000000000000002	False	6.4685210829577446	True
CASR	ZINCpR0000098WY4	yes	EC50_μM	0.28	False	0.28000000000000003	6.5528419686577806	0.28	0.28000000000000003	False	6.5528419686577806	True
CASR	ZINCpT000009t4FY	no	EC50_μM	100.0	False	100	4	100.0	100	False	4	False
CASR	ZINCpu000000oq8x	no	EC50_μM	100.0	False	100	4	100.0	100	False	4	False
CNR1	ZINC000003247700	no			False					False		False
CNR1	ZINC000004274872	yes			False					False		True
CNR1	ZINC000011597662	no			False					False		False
CNR1	ZINC000012823397	no			False					False		False
CNR1	ZINC000128725719	no			False					False		False
CNR1	ZINC000129765703	no			False					False		False
CNR1	ZINC000433622875	no			False					False		False
CNR1	ZINC000443856513	no			False					False		False
CNR1	ZINC000463250746	no			False					False		False
CNR1	ZINC000470670889	yes			False					False		True
CNR1	ZINC000472208441	yes			False					False		True
CNR1	ZINC000482214861	no			False					False		False
CNR1	ZINC000482246675	no			False					False		False
CNR1	ZINC000485600051	no			False					False		False
CNR1	ZINC000503674836	no			False					False		False
CNR1	ZINC000506941038	yes			False					False		True
CNR1	ZINC000516526701	no			False					False		False
CNR1	ZINC000518437019	yes			False					False		True
CNR1	ZINC000521509217	yes			False					False		True
CNR1	ZINC000531559552	no			False					False		False
CNR1	ZINC000533474717	no			False					False		False
CNR1	ZINC000534783628	no			False					False		False
CNR1	ZINC000537551486	yes			False					False		True
CNR1	ZINC000538517902	yes			False					False		True
CNR1	ZINC000545662443	yes			False					False		True
CNR1	ZINC000545734765	no			False					False		False
CNR1	ZINC000545813596	yes			False					False		True
CNR1	ZINC000553141949	no			False					False		False
CNR1	ZINC000560834734	no			False					False		False
CNR1	ZINC000574318525	yes			False					False		True
CNR1	ZINC000618737218	yes			False					False		True
CNR1	ZINC000626727005	no			False					False		False
CNR1	ZINC000656437337	yes			False					False		True
CNR1	ZINC000675235971	no			False					False		False
CNR1	ZINC000678649667	no			False					False		False
CNR1	ZINC000680685562	yes			False					False		True
CNR1	ZINC000749087800	yes			False					False		True
CNR1	ZINC000788975729	no			False					False		False
CNR1	ZINC000801267565	no			False					False		False
CNR1	ZINC000851311070	no			False					False		False
CNR1	ZINC000872466978	no			False					False		False
CNR1	ZINC001116891451	no			False					False		False
CNR1	ZINC001341460450	yes			False					False		True
CNR1	ZINC001354696198	no			False					False		False
CNR1	ZINC001435197878	no			False					False		False
CNR1	ZINC001458055901	no			False					False		False
CNR2	BRI-13501	no	Ki_uM	<40%	True			<40%		True		False
CNR2	BRI-13505	yes	Ki_uM	0.54	False	0.54000000000000004	6.2676062401770318	0.54	0.54000000000000004	False	6.2676062401770318	True
CNR2	BRI-13508	no	Ki_uM	<40%	True			<40%		True		False
CNR2	BRI-13510	no	Ki_uM	<40%	True			<40%		True		False
CNR2	BRI-13515	yes	Ki_uM	3.81	False	3.8100000000000001	5.419075024324381	3.81	3.8100000000000001	False	5.419075024324381	True
CNR2	BRI-13516	no	Ki_uM	<40%	True			<40%		True		False
CNR2	BRI-13517	no	Ki_uM	<40%	True			<40%		True		False
CNR2	BRI-13520	yes	Ki_uM	5.2	False	5.2000000000000002	5.2839966563652006	5.2	5.2000000000000002	False	5.2839966563652006	True
CNR2	BRI-13522	no	Ki_uM	<40%	True			<40%		True		False
CNR2	BRI-13523	yes	Ki_uM	1.59	False	1.5900000000000001	5.7986028756795482	1.59	1.5900000000000001	False	5.7986028756795482	True
CNR2	BRI-13525	no	Ki_uM	<40%	True			<40%		True		False
CNR2	BRI-13528	no	Ki_uM	<40%	True			<40%		True		False
CNR2	BRI-13530	no	Ki_uM	<40%	True			<40%		True		False
CNR2	BRI-13533	no	Ki_uM	<40%	True			<40%		True		False
CNR2	BRI-13538	no	Ki_uM	<40%	True			<40%		True		False
CNR2	BRI-13540	no	Ki_uM	<40%	True			<40%		True		False
CNR2	BRI-13544	yes	Ki_uM	7.78	False	7.7800000000000002	5.1090204030103106	7.78	7.7800000000000002	False	5.1090204030103106	True
CNR2	BRI-13546	no	Ki_uM	<40%	True			<40%		True		False
CNR2	BRI-13548	no	Ki_uM	<40%	True			<40%		True		False
CNR2	BRI-13559	yes	Ki_uM	4.25	False	4.25	5.3716110699496884	4.25	4.25	False	5.3716110699496884	True
CNR2	BRI-13565	yes	Ki_uM	3.77	False	3.77	5.4236586497942074	3.77	3.77	False	5.4236586497942074	True
CNR2	BRI-13566	yes	Ki_uM	4.04	False	4.04	5.3936186348893953	4.04	4.04	False	5.3936186348893953	True
CNR2	BRI-13567	no	Ki_uM	<40%	True			<40%		True		False
CNR2	BRI-13570	no	Ki_uM	<40%	True			<40%		True		False
CNR2	BRI-13572	no	Ki_uM	<40%	True			<40%		True		False
CNR2	BRI-13574	no	Ki_uM	<40%	True			<40%		True		False
CNR2	BRI-13576	no	Ki_uM	<40%	True			<40%		True		False
CNR2	BRI-13578	no	Ki_uM	<40%	True			<40%		True		False
CNR2	BRI-13579	no	Ki_uM	<40%	True			<40%		True		False
CNR2	BRI-13580	yes	Ki_uM	6.92	False	6.9199999999999999	5.1598939055432425	6.92	6.9199999999999999	False	5.1598939055432425	True
CNR2	BRI-13594	no	Ki_uM	<40%	True			<40%		True		False
CNR2	BRI-13595	no	Ki_uM	<40%	True			<40%		True		False
CNR2	BRI-13599	yes	Ki_uM	2.44	False	2.4399999999999999	5.6126101736612704	2.44	2.4399999999999999	False	5.6126101736612704	True
CNR2	BRI-13604	no	Ki_uM	<40%	True			<40%		True		False
CNR2	BRI-13609	no	Ki_uM	<40%	True			<40%		True		False
CNR2	BRI-13610	yes	Ki_uM	4.17	False	4.1699999999999999	5.3798639450262424	4.17	4.1699999999999999	False	5.3798639450262424	True
CNR2	BRI-13615	no	Ki_uM	<40%	True			<40%		True		False
CNR2	BRI-13619	yes	Ki_uM	0.11	False	0.11	6.9586073148417746	0.11	0.11	False	6.9586073148417746	True
CNR2	BRI-13625	no	Ki_uM	<40%	True			<40%		True		False
CNR2	BRI-13626	no	Ki_uM	<40%	True			<40%		True		False
CNR2	BRI-13633	yes	Ki_uM	1.53	False	1.53	5.8153085691824016	1.53	1.53	False	5.8153085691824016	True
CNR2	BRI-13634	no	Ki_uM	<40%	True			<40%		True		False
CNR2	BRI-13639	no	Ki_uM	<40%	True			<40%		True		False
CNR2	BRI-13642	no	Ki_uM	<40%	True			<40%		True		False
CNR2	BRI-13644	no	Ki_uM	<40%	True			<40%		True		False
CNR2	BRI-13647	no	Ki_uM	<40%	True			<40%		True		False
CNR2	BRI-13650	yes	Ki_uM	12.2	False	12.199999999999999	4.9136401693252516	12.2	12.199999999999999	False	4.9136401693252516	True
CNR2	BRI-13651	no	Ki_uM	<40%	True			<40%		True		False
CNR2	BRI-13657	no	Ki_uM	<40%	True			<40%		True		False
CNR2	BRI-13661	yes	Ki_uM	4.37	False	4.3700000000000001	5.3595185630295781	4.37	4.3700000000000001	False	5.3595185630295781	True
CNR2	BRI-13663	yes	Ki_uM	14.5	False	14.5	4.8386319977650256	14.5	14.5	False	4.8386319977650256	True
CNR2	BRI-13665	yes	Ki_uM	0.82	False	0.81999999999999995	6.0861861476162833	0.82	0.81999999999999995	False	6.0861861476162833	True
CNR2	BRI-13668	yes	Ki_uM	4.78	False	4.7800000000000002	5.3205721033878808	4.78	4.7800000000000002	False	5.3205721033878808	True
CNR2	BRI-13673	yes	Ki_uM	3.66	False	3.6600000000000001	5.436518914605589	3.66	3.6600000000000001	False	5.436518914605589	True
CNR2	BRI-13677	no	Ki_uM	<40%	True			<40%		True		False
CNR2	BRI-13681	yes	Ki_uM	1.86	False	1.8600000000000001	5.7304870557820839	1.86	1.8600000000000001	False	5.7304870557820839	True
CNR2	BRI-13683	no	Ki_uM	<40%	True			<40%		True		False
CNR2	BRI-13684	yes	Ki_uM	7.28	False	7.2800000000000002	5.1378686206869624	7.28	7.2800000000000002	False	5.1378686206869624	True
CNR2	BRI-13691	no	Ki_uM	<40%	True			<40%		True		False
CNR2	BRI-13836	no	Ki_uM	<40%	True			<40%		True		False
DRD3	1_111	no			False					False		False
DRD3	1_131	no			False					False		False
DRD3	1_15	no			False					False		False
DRD3	1_151	no			False					False		False
DRD3	1_168	no			False					False		False
DRD3	1_2	no			False					False		False
DRD3	1_233	no			False					False		False
DRD3	1_2_0	no			False					False		False
DRD3	1_305	no			False					False		False
DRD3	1_36	no			False					False		False
DRD3	1_361	no			False					False		False
DRD3	1_45	no			False					False		False
DRD3	1_53	no			False					False		False
DRD3	1_537	no			False					False		False
DRD3	1_549	no			False					False		False
DRD3	1_67	no			False					False		False
DRD3	1_84	no			False					False		False
DRD3	1_9	no			False					False		False
DRD3	2_1	yes			False					False		True
DRD3	2_107	yes			False					False		True
DRD3	2_110	no			False					False		False
DRD3	2_142	yes			False					False		True
DRD3	2_161	yes			False					False		True
DRD3	2_215	no			False					False		False
DRD3	2_239	no			False					False		False
DRD3	2_25	yes			False					False		True
DRD3	2_252	no			False					False		False
DRD3	2_256	yes			False					False		True
DRD3	2_33	no			False					False		False
DRD3	2_35	no			False					False		False
DRD3	2_36	no			False					False		False
DRD3	2_66	yes			False					False		True
DRD3	2_97	no			False					False		False
DRD4	ZINC000023991615	no	Ki_nM	n.d.	False			n.d.		False		False
DRD4	ZINC000026473483	no	Ki_nM	n.d.	False			n.d.		False		False
DRD4	ZINC000065939558	no	Ki_nM	n.d.	False			n.d.		False		False
DRD4	ZINC000067715288	no	Ki_nM	n.d.	False			n.d.		False		False
DRD4	ZINC000068920681	no	Ki_nM	n.d.	False			n.d.		False		False
DRD4	ZINC000072898724	no	Ki_nM	n.d.	False			n.d.		False		False
DRD4	ZINC000080960073	no	Ki_nM	n.d.	False			n.d.		False		False
DRD4	ZINC000080960915	no	Ki_nM	n.d.	False			n.d.		False		False
DRD4	ZINC000085334606	yes	Ki_nM	6810	False	6.8099999999999996	5.1668528880872149	6810	6.8099999999999996	False	5.1668528880872149	True
DRD4	ZINC000092642352	yes	Ki_nM	820	False	0.81999999999999995	6.0861861476162833	820	0.81999999999999995	False	6.0861861476162833	True
DRD4	ZINC000102930897	no	Ki_nM	n.d.	False			n.d.		False		False
DRD4	ZINC000112717206	no	Ki_nM	n.d.	False			n.d.		False		False
DRD4	ZINC000112857579	no	Ki_nM	n.d.	False			n.d.		False		False
DRD4	ZINC000114729400	no	Ki_nM	n.d.	False			n.d.		False		False
DRD4	ZINC000117348217	no	Ki_nM	n.d.	False			n.d.		False		False
DRD4	ZINC000119410297	no	Ki_nM	n.d.	False			n.d.		False		False
DRD4	ZINC000127859549	yes	Ki_nM	260	False	0.26000000000000001	6.5850266520291818	260	0.26000000000000001	False	6.5850266520291818	True
DRD4	ZINC000128122168	no	Ki_nM	n.d.	False			n.d.		False		False
DRD4	ZINC000128472643	no	Ki_nM	n.d.	False			n.d.		False		False
DRD4	ZINC000128927868	no	Ki_nM	n.d.	False			n.d.		False		False
DRD4	ZINC000130532671	yes	Ki_nM	320	False	0.32000000000000001	6.4948500216800937	320	0.32000000000000001	False	6.4948500216800937	True
DRD4	ZINC000131555915	no	Ki_nM	n.d.	False			n.d.		False		False
DRD4	ZINC000135488461	no	Ki_nM	n.d.	False			n.d.		False		False
DRD4	ZINC000135539613	no	Ki_nM	n.d.	False			n.d.		False		False
DRD4	ZINC000151228439	no	Ki_nM	n.d.	False			n.d.		False		False
DRD4	ZINC000154146881	no	Ki_nM	n.d.	False			n.d.		False		False
DRD4	ZINC000155613934	no	Ki_nM	n.d.	False			n.d.		False		False
DRD4	ZINC000155719879	yes	Ki_nM	460	False	0.46000000000000002	6.3372421683184257	460	0.46000000000000002	False	6.3372421683184257	True
DRD4	ZINC000159509070	no	Ki_nM	n.d.	False			n.d.		False		False
DRD4	ZINC000159533726	no	Ki_nM	n.d.	False			n.d.		False		False
DRD4	ZINC000162663443	no	Ki_nM	n.d.	False			n.d.		False		False
DRD4	ZINC000162847633	no	Ki_nM	n.d.	False			n.d.		False		False
DRD4	ZINC000163793821	no	Ki_nM	n.d.	False			n.d.		False		False
DRD4	ZINC000176752603	yes	Ki_nM	300	False	0.29999999999999999	6.5228787452803374	300	0.29999999999999999	False	6.5228787452803374	True
DRD4	ZINC000177973904	no	Ki_nM	n.d.	False			n.d.		False		False
DRD4	ZINC000179028195	no	Ki_nM	n.d.	False			n.d.		False		False
DRD4	ZINC000180191350	no	Ki_nM	n.d.	False			n.d.		False		False
DRD4	ZINC000185084297	no	Ki_nM	n.d.	False			n.d.		False		False
DRD4	ZINC000185158323	no	Ki_nM	n.d.	False			n.d.		False		False
DRD4	ZINC000185593526	no	Ki_nM	n.d.	False			n.d.		False		False
DRD4	ZINC000191583186	yes	Ki_nM	1390	False	1.3899999999999999	5.856985199745905	1390	1.3899999999999999	False	5.856985199745905	True
DRD4	ZINC000195335838	no	Ki_nM	n.d.	False			n.d.		False		False
DRD4	ZINC000236835221	no	Ki_nM	n.d.	False			n.d.		False		False
DRD4	ZINC000237938360	yes	Ki_nM	180	False	0.17999999999999999	6.7447274948966935	180	0.17999999999999999	False	6.7447274948966935	True
DRD4	ZINC000245899191	no	Ki_nM	n.d.	False			n.d.		False		False
DRD4	ZINC000246954730	no	Ki_nM	n.d.	False			n.d.		False		False
DRD4	ZINC000247398558	yes	Ki_nM	210	False	0.20999999999999999	6.6777807052660805	210	0.20999999999999999	False	6.6777807052660805	True
DRD4	ZINC000247477468	no	Ki_nM	n.d.	False			n.d.		False		False
DRD4	ZINC000248536951	no	Ki_nM	n.d.	False			n.d.		False		False
DRD4	ZINC000248909028	no	Ki_nM	n.d.	False			n.d.		False		False
DRD4	ZINC000251658325	no	Ki_nM	n.d.	False			n.d.		False		False
DRD4	ZINC000253552236	no	Ki_nM	n.d.	False			n.d.		False		False
DRD4	ZINC000264073851	yes	Ki_nM	1540	False	1.54	5.8124792791635373	1540	1.54	False	5.8124792791635373	True
DRD4	ZINC000265066748	no	Ki_nM	n.d.	False			n.d.		False		False
DRD4	ZINC000265162697	no	Ki_nM	n.d.	False			n.d.		False		False
DRD4	ZINC000265738616	yes	Ki_nM	2240	False	2.2400000000000002	5.6497519816658368	2240	2.2400000000000002	False	5.6497519816658368	True
DRD4	ZINC000266211012	no	Ki_nM	n.d.	False			n.d.		False		False
DRD4	ZINC000267294321	no	Ki_nM	n.d.	False			n.d.		False		False
DRD4	ZINC000268141382	yes	Ki_nM	560	False	0.56000000000000005	6.2518119729937993	560	0.56000000000000005	False	6.2518119729937993	True
DRD4	ZINC000269834111	no	Ki_nM	n.d.	False			n.d.		False		False
DRD4	ZINC000270061995	no	Ki_nM	n.d.	False			n.d.		False		False
DRD4	ZINC000270269326	yes	Ki_nM	500	False	0.5	6.3010299956639813	500	0.5	False	6.3010299956639813	True
DRD4	ZINC000270628406	no	Ki_nM	n.d.	False			n.d.		False		False
DRD4	ZINC000270959340	no	Ki_nM	n.d.	False			n.d.		False		False
DRD4	ZINC000271207637	no	Ki_nM	n.d.	False			n.d.		False		False
DRD4	ZINC000271382349	no	Ki_nM	n.d.	False			n.d.		False		False
DRD4	ZINC000271618372	no	Ki_nM	n.d.	False			n.d.		False		False
DRD4	ZINC000271789537	no	Ki_nM	n.d.	False			n.d.		False		False
DRD4	ZINC000275794416	no	Ki_nM	n.d.	False			n.d.		False		False
DRD4	ZINC000277343296	yes	Ki_nM	4070	False	4.0700000000000003	5.3904055907747797	4070	4.0700000000000003	False	5.3904055907747797	True
DRD4	ZINC000277379419	no	Ki_nM	n.d.	False			n.d.		False		False
DRD4	ZINC000278933042	yes	Ki_nM	270	False	0.27000000000000002	6.5686362358410122	270	0.27000000000000002	False	6.5686362358410122	True
DRD4	ZINC000279624908	yes	Ki_nM	4210	False	4.21	5.3757179041643317	4210	4.21	False	5.3757179041643317	True
DRD4	ZINC000280696398	no	Ki_nM	n.d.	False			n.d.		False		False
DRD4	ZINC000280937772	no	Ki_nM	n.d.	False			n.d.		False		False
DRD4	ZINC000281183080	no	Ki_nM	n.d.	False			n.d.		False		False
DRD4	ZINC000284910391	no	Ki_nM	n.d.	False			n.d.		False		False
DRD4	ZINC000289915250	no	Ki_nM	n.d.	False			n.d.		False		False
DRD4	ZINC000290372608	no	Ki_nM	n.d.	False			n.d.		False		False
DRD4	ZINC000290537631	no	Ki_nM	n.d.	False			n.d.		False		False
DRD4	ZINC000290628915	no	Ki_nM	n.d.	False			n.d.		False		False
DRD4	ZINC000291023493	no	Ki_nM	n.d.	False			n.d.		False		False
DRD4	ZINC000293543779	yes	Ki_nM	1210	False	1.21	5.9172146296835502	1210	1.21	False	5.9172146296835502	True
DRD4	ZINC000293604393	no	Ki_nM	n.d.	False			n.d.		False		False
DRD4	ZINC000294513981	yes	Ki_nM	3160	False	3.1600000000000001	5.5003129173815966	3160	3.1600000000000001	False	5.5003129173815966	True
DRD4	ZINC000298424869	no	Ki_nM	n.d.	False			n.d.		False		False
DRD4	ZINC000298433681	no	Ki_nM	n.d.	False			n.d.		False		False
DRD4	ZINC000298731694	no	Ki_nM	n.d.	False			n.d.		False		False
DRD4	ZINC000300952679	no	Ki_nM	n.d.	False			n.d.		False		False
DRD4	ZINC000301254546	no	Ki_nM	n.d.	False			n.d.		False		False
DRD4	ZINC000301675210	no	Ki_nM	n.d.	False			n.d.		False		False
DRD4	ZINC000302699560	no	Ki_nM	n.d.	False			n.d.		False		False
DRD4	ZINC000304063884	no	Ki_nM	n.d.	False			n.d.		False		False
DRD4	ZINC000304720724	no	Ki_nM	n.d.	False			n.d.		False		False
DRD4	ZINC000305241084	no	Ki_nM	n.d.	False			n.d.		False		False
DRD4	ZINC000308370895	no	Ki_nM	n.d.	False			n.d.		False		False
DRD4	ZINC000329185772	no	Ki_nM	n.d.	False			n.d.		False		False
DRD4	ZINC000331207634	no	Ki_nM	n.d.	False			n.d.		False		False
DRD4	ZINC000331412478	no	Ki_nM	n.d.	False			n.d.		False		False
DRD4	ZINC000331563561	no	Ki_nM	n.d.	False			n.d.		False		False
DRD4	ZINC000332615244	no	Ki_nM	n.d.	False			n.d.		False		False
DRD4	ZINC000337655505	no	Ki_nM	n.d.	False			n.d.		False		False
DRD4	ZINC000339591161	no	Ki_nM	n.d.	False			n.d.		False		False
DRD4	ZINC000340892636	no	Ki_nM	n.d.	False			n.d.		False		False
DRD4	ZINC000341120539	no	Ki_nM	n.d.	False			n.d.		False		False
DRD4	ZINC000341983064	no	Ki_nM	n.d.	False			n.d.		False		False
DRD4	ZINC000343185691	no	Ki_nM	n.d.	False			n.d.		False		False
DRD4	ZINC000343213239	no	Ki_nM	n.d.	False			n.d.		False		False
DRD4	ZINC000343998070	no	Ki_nM	n.d.	False			n.d.		False		False
DRD4	ZINC000344040091	no	Ki_nM	n.d.	False			n.d.		False		False
DRD4	ZINC000345017701	no	Ki_nM	n.d.	False			n.d.		False		False
DRD4	ZINC000345765694	no	Ki_nM	n.d.	False			n.d.		False		False
DRD4	ZINC000345928153	no	Ki_nM	n.d.	False			n.d.		False		False
DRD4	ZINC000346659834	no	Ki_nM	n.d.	False			n.d.		False		False
DRD4	ZINC000348254305	no	Ki_nM	n.d.	False			n.d.		False		False
DRD4	ZINC000348555593	yes	Ki_nM	2720	False	2.7200000000000002	5.5654310959658009	2720	2.7200000000000002	False	5.5654310959658009	True
DRD4	ZINC000349908169	no	Ki_nM	n.d.	False			n.d.		False		False
DRD4	ZINC000352657646	no	Ki_nM	n.d.	False			n.d.		False		False
DRD4	ZINC000355023141	no	Ki_nM	n.d.	False			n.d.		False		False
DRD4	ZINC000355145881	no	Ki_nM	n.d.	False			n.d.		False		False
DRD4	ZINC000355163361	no	Ki_nM	n.d.	False			n.d.		False		False
DRD4	ZINC000355274455	no	Ki_nM	n.d.	False			n.d.		False		False
DRD4	ZINC000355327118	no	Ki_nM	n.d.	False			n.d.		False		False
DRD4	ZINC000357551804	no	Ki_nM	n.d.	False			n.d.		False		False
DRD4	ZINC000358506216	yes	Ki_nM	250	False	0.25	6.6020599913279625	250	0.25	False	6.6020599913279625	True
DRD4	ZINC000358789280	no	Ki_nM	n.d.	False			n.d.		False		False
DRD4	ZINC000359552375	no	Ki_nM	n.d.	False			n.d.		False		False
DRD4	ZINC000360021487	no	Ki_nM	n.d.	False			n.d.		False		False
DRD4	ZINC000361363076	no	Ki_nM	n.d.	False			n.d.		False		False
DRD4	ZINC000362128724	yes	Ki_nM	160	False	0.16	6.795880017344075	160	0.16	False	6.795880017344075	True
DRD4	ZINC000362430581	no	Ki_nM	n.d.	False			n.d.		False		False
DRD4	ZINC000363377421	no	Ki_nM	n.d.	False			n.d.		False		False
DRD4	ZINC000363554822	no	Ki_nM	n.d.	False			n.d.		False		False
DRD4	ZINC000363565214	no	Ki_nM	n.d.	False			n.d.		False		False
DRD4	ZINC000363675222	no	Ki_nM	n.d.	False			n.d.		False		False
DRD4	ZINC000364862581	no	Ki_nM	n.d.	False			n.d.		False		False
DRD4	ZINC000365834982	no	Ki_nM	n.d.	False			n.d.		False		False
DRD4	ZINC000366646246	no	Ki_nM	n.d.	False			n.d.		False		False
DRD4	ZINC000366649577	no	Ki_nM	n.d.	False			n.d.		False		False
DRD4	ZINC000367447199	no	Ki_nM	n.d.	False			n.d.		False		False
DRD4	ZINC000367568545	no	Ki_nM	n.d.	False			n.d.		False		False
DRD4	ZINC000367970677	no	Ki_nM	n.d.	False			n.d.		False		False
DRD4	ZINC000368074394	no	Ki_nM	n.d.	False			n.d.		False		False
DRD4	ZINC000368226385	yes	Ki_nM	1170	False	1.1699999999999999	5.9318141382538387	1170	1.1699999999999999	False	5.9318141382538387	True
DRD4	ZINC000369112902	no	Ki_nM	n.d.	False			n.d.		False		False
DRD4	ZINC000369205980	no	Ki_nM	n.d.	False			n.d.		False		False
DRD4	ZINC000370525145	no	Ki_nM	n.d.	False			n.d.		False		False
DRD4	ZINC000370768181	no	Ki_nM	n.d.	False			n.d.		False		False
DRD4	ZINC000372295546	no	Ki_nM	n.d.	False			n.d.		False		False
DRD4	ZINC000373209847	no	Ki_nM	n.d.	False			n.d.		False		False
DRD4	ZINC000373387982	yes	Ki_nM	2530	False	2.5299999999999998	5.5968794788241825	2530	2.5299999999999998	False	5.5968794788241825	True
DRD4	ZINC000374072306	no	Ki_nM	n.d.	False			n.d.		False		False
DRD4	ZINC000374410673	no	Ki_nM	n.d.	False			n.d.		False		False
DRD4	ZINC000375292554	no	Ki_nM	n.d.	False			n.d.		False		False
DRD4	ZINC000375299581	yes	Ki_nM	180	False	0.17999999999999999	6.7447274948966935	180	0.17999999999999999	False	6.7447274948966935	True
DRD4	ZINC000375310940	no	Ki_nM	n.d.	False			n.d.		False		False
DRD4	ZINC000375831418	no	Ki_nM	n.d.	False			n.d.		False		False
DRD4	ZINC000377628890	no	Ki_nM	n.d.	False			n.d.		False		False
DRD4	ZINC000377646411	no	Ki_nM	n.d.	False			n.d.		False		False
DRD4	ZINC000378200657	no	Ki_nM	n.d.	False			n.d.		False		False
DRD4	ZINC000407322128	no	Ki_nM	n.d.	False			n.d.		False		False
DRD4	ZINC000412694364	no	Ki_nM	n.d.	False			n.d.		False		False
DRD4	ZINC000412996356	no	Ki_nM	n.d.	False			n.d.		False		False
DRD4	ZINC000413345277	no	Ki_nM	n.d.	False			n.d.		False		False
DRD4	ZINC000413396487	no	Ki_nM	n.d.	False			n.d.		False		False
DRD4	ZINC000414571266	yes	Ki_nM	6210	False	6.21	5.20690839982342	6210	6.21	False	5.20690839982342	True
DRD4	ZINC000414865159	no	Ki_nM	n.d.	False			n.d.		False		False
DRD4	ZINC000415558697	yes	Ki_nM	990	False	0.98999999999999999	6.0043648054024503	990	0.98999999999999999	False	6.0043648054024503	True
DRD4	ZINC000418149855	no	Ki_nM	n.d.	False			n.d.		False		False
DRD4	ZINC000418270293	no	Ki_nM	n.d.	False			n.d.		False		False
DRD4	ZINC000419278537	yes	Ki_nM	1130	False	1.1299999999999999	5.9469215565165801	1130	1.1299999999999999	False	5.9469215565165801	True
DRD4	ZINC000421039533	no	Ki_nM	n.d.	False			n.d.		False		False
DRD4	ZINC000422901222	no	Ki_nM	n.d.	False			n.d.		False		False
DRD4	ZINC000423069736	no	Ki_nM	n.d.	False			n.d.		False		False
DRD4	ZINC000423276506	no	Ki_nM	n.d.	False			n.d.		False		False
DRD4	ZINC000424406638	no	Ki_nM	n.d.	False			n.d.		False		False
DRD4	ZINC000425345543	yes	Ki_nM	2540	False	2.54	5.5951662833800615	2540	2.54	False	5.5951662833800615	True
DRD4	ZINC000428256950	no	Ki_nM	n.d.	False			n.d.		False		False
DRD4	ZINC000428731910	no	Ki_nM	n.d.	False			n.d.		False		False
DRD4	ZINC000429250556	no	Ki_nM	n.d.	False			n.d.		False		False
DRD4	ZINC000429271342	yes	Ki_nM	1710	False	1.71	5.7670038896078459	1710	1.71	False	5.7670038896078459	True
DRD4	ZINC000431415543	yes	Ki_nM	6370	False	6.3700000000000001	5.1958605676646492	6370	6.3700000000000001	False	5.1958605676646492	True
DRD4	ZINC000431486198	no	Ki_nM	n.d.	False			n.d.		False		False
DRD4	ZINC000433083202	no	Ki_nM	n.d.	False			n.d.		False		False
DRD4	ZINC000433175971	no	Ki_nM	n.d.	False			n.d.		False		False
DRD4	ZINC000433256163	yes	Ki_nM	2440	False	2.4399999999999999	5.6126101736612704	2440	2.4399999999999999	False	5.6126101736612704	True
DRD4	ZINC000437075156	yes	Ki_nM	190	False	0.19	6.7212463990471711	190	0.19	False	6.7212463990471711	True
DRD4	ZINC000443500799	no	Ki_nM	n.d.	False			n.d.		False		False
DRD4	ZINC000447942180	no	Ki_nM	n.d.	False			n.d.		False		False
DRD4	ZINC000449156693	yes	Ki_nM	760	False	0.76000000000000001	6.1191864077192086	760	0.76000000000000001	False	6.1191864077192086	True
DRD4	ZINC000449548054	yes	Ki_nM	6500	False	6.5	5.1870866433571443	6500	6.5	False	5.1870866433571443	True
DRD4	ZINC000449583914	no	Ki_nM	n.d.	False			n.d.		False		False
DRD4	ZINC000450226409	no	Ki_nM	n.d.	False			n.d.		False		False
DRD4	ZINC000450352542	no	Ki_nM	n.d.	False			n.d.		False		False
DRD4	ZINC000450557088	no	Ki_nM	n.d.	False			n.d.		False		False
DRD4	ZINC000451246180	no	Ki_nM	n.d.	False			n.d.		False		False
DRD4	ZINC000451439685	no	Ki_nM	n.d.	False			n.d.		False		False
DRD4	ZINC000451479054	no	Ki_nM	n.d.	False			n.d.		False		False
DRD4	ZINC000451895384	no	Ki_nM	n.d.	False			n.d.		False		False
DRD4	ZINC000451982669	no	Ki_nM	n.d.	False			n.d.		False		False
DRD4	ZINC000452104081	no	Ki_nM	n.d.	False			n.d.		False		False
DRD4	ZINC000453018295	no	Ki_nM	n.d.	False			n.d.		False		False
DRD4	ZINC000459715279	no	Ki_nM	n.d.	False			n.d.		False		False
DRD4	ZINC000464682470	yes	Ki_nM	3460	False	3.46	5.4609239012072237	3460	3.46	False	5.4609239012072237	True
DRD4	ZINC000464771011	yes	Ki_nM	140	False	0.14000000000000001	6.8538719643217618	140	0.14000000000000001	False	6.8538719643217618	True
DRD4	ZINC000465129598	yes	Ki_nM	80	False	0.080000000000000002	7.0969100130080562	80	0.080000000000000002	False	7.0969100130080562	True
DRD4	ZINC000466408491	yes	Ki_nM	3920	False	3.9199999999999999	5.4067139329795424	3920	3.9199999999999999	False	5.4067139329795424	True
DRD4	ZINC000467716766	yes	Ki_nM	700	False	0.69999999999999996	6.1549019599857431	700	0.69999999999999996	False	6.1549019599857431	True
DRD4	ZINC000474810522	yes	Ki_nM	2790	False	2.79	5.5543957967264026	2790	2.79	False	5.5543957967264026	True
DRD4	ZINC000475202287	no	Ki_nM	n.d.	False			n.d.		False		False
DRD4	ZINC000480408888	yes	Ki_nM	400	False	0.40000000000000002	6.3979400086720375	400	0.40000000000000002	False	6.3979400086720375	True
DRD4	ZINC000480496068	yes	Ki_nM	2950	False	2.9500000000000002	5.5301779840218366	2950	2.9500000000000002	False	5.5301779840218366	True
DRD4	ZINC000481348051	no	Ki_nM	n.d.	False			n.d.		False		False
DRD4	ZINC000484629121	yes	Ki_nM	2630	False	2.6299999999999999	5.580044251510242	2630	2.6299999999999999	False	5.580044251510242	True
DRD4	ZINC000485951008	no	Ki_nM	n.d.	False			n.d.		False		False
DRD4	ZINC000486647484	no	Ki_nM	n.d.	False			n.d.		False		False
DRD4	ZINC000487844530	no	Ki_nM	n.d.	False			n.d.		False		False
DRD4	ZINC000488122558	no	Ki_nM	n.d.	False			n.d.		False		False
DRD4	ZINC000488230856	no	Ki_nM	n.d.	False			n.d.		False		False
DRD4	ZINC000488256763	no	Ki_nM	n.d.	False			n.d.		False		False
DRD4	ZINC000488408504	no	Ki_nM	n.d.	False			n.d.		False		False
DRD4	ZINC000488640994	no	Ki_nM	n.d.	False			n.d.		False		False
DRD4	ZINC000492588861	no	Ki_nM	n.d.	False			n.d.		False		False
DRD4	ZINC000493120809	no	Ki_nM	n.d.	False			n.d.		False		False
DRD4	ZINC000493204343	yes	Ki_nM	2450	False	2.4500000000000002	5.6108339156354674	2450	2.4500000000000002	False	5.6108339156354674	True
DRD4	ZINC000495211316	no	Ki_nM	n.d.	False			n.d.		False		False
DRD4	ZINC000495880797	no	Ki_nM	n.d.	False			n.d.		False		False
DRD4	ZINC000497056051	yes	Ki_nM	2220	False	2.2200000000000002	5.6536470255493612	2220	2.2200000000000002	False	5.6536470255493612	True
DRD4	ZINC000497495625	no	Ki_nM	n.d.	False			n.d.		False		False
DRD4	ZINC000513544959	no	Ki_nM	n.d.	False			n.d.		False		False
DRD4	ZINC000514779500	no	Ki_nM	n.d.	False			n.d.		False		False
DRD4	ZINC000517755157	yes	Ki_nM	5200	False	5.2000000000000002	5.2839966563652006	5200	5.2000000000000002	False	5.2839966563652006	True
DRD4	ZINC000518842964	yes	Ki_nM	120	False	0.12	6.9208187539523749	120	0.12	False	6.9208187539523749	True
DRD4	ZINC000520702665	no	Ki_nM	n.d.	False			n.d.		False		False
DRD4	ZINC000521570499	no	Ki_nM	n.d.	False			n.d.		False		False
DRD4	ZINC000525237972	yes	Ki_nM	5910	False	5.9100000000000001	5.2284125191187449	5910	5.9100000000000001	False	5.2284125191187449	True
DRD4	ZINC000527688598	no	Ki_nM	n.d.	False			n.d.		False		False
DRD4	ZINC000527764590	no	Ki_nM	n.d.	False			n.d.		False		False
DRD4	ZINC000527829489	no	Ki_nM	n.d.	False			n.d.		False		False
DRD4	ZINC000535008050	yes	Ki_nM	3330	False	3.3300000000000001	5.4775557664936798	3330	3.3300000000000001	False	5.4775557664936798	True
DRD4	ZINC000535316507	no	Ki_nM	n.d.	False			n.d.		False		False
DRD4	ZINC000539926398	yes	Ki_nM	3250	False	3.25	5.4881166390211256	3250	3.25	False	5.4881166390211256	True
DRD4	ZINC000540595123	no	Ki_nM	n.d.	False			n.d.		False		False
DRD4	ZINC000543431292	no	Ki_nM	n.d.	False			n.d.		False		False
DRD4	ZINC000544192609	no	Ki_nM	n.d.	False			n.d.		False		False
DRD4	ZINC000547642529	no	Ki_nM	n.d.	False			n.d.		False		False
DRD4	ZINC000560268239	yes	Ki_nM	1440	False	1.4399999999999999	5.8416375079047507	1440	1.4399999999999999	False	5.8416375079047507	True
DRD4	ZINC000561217259	yes	Ki_nM	8090	False	8.0899999999999999	5.0920514783877273	8090	8.0899999999999999	False	5.0920514783877273	True
DRD4	ZINC000562713783	no	Ki_nM	n.d.	False			n.d.		False		False
DRD4	ZINC000563406324	no	Ki_nM	n.d.	False			n.d.		False		False
DRD4	ZINC000564047596	no	Ki_nM	n.d.	False			n.d.		False		False
DRD4	ZINC000564471621	no	Ki_nM	n.d.	False			n.d.		False		False
DRD4	ZINC000565883300	no	Ki_nM	n.d.	False			n.d.		False		False
DRD4	ZINC000566176942	no	Ki_nM	n.d.	False			n.d.		False		False
DRD4	ZINC000566614319	yes	Ki_nM	1130	False	1.1299999999999999	5.9469215565165801	1130	1.1299999999999999	False	5.9469215565165801	True
DRD4	ZINC000567992445	yes	Ki_nM	850	False	0.84999999999999998	6.0705810742857071	850	0.84999999999999998	False	6.0705810742857071	True
DRD4	ZINC000568745637	no	Ki_nM	n.d.	False			n.d.		False		False
DRD4	ZINC000569143155	no	Ki_nM	n.d.	False			n.d.		False		False
DRD4	ZINC000569686370	yes	Ki_nM	550	False	0.55000000000000004	6.2596373105057559	550	0.55000000000000004	False	6.2596373105057559	True
DRD4	ZINC000570378223	no	Ki_nM	n.d.	False			n.d.		False		False
DRD4	ZINC000570982110	no	Ki_nM	n.d.	False			n.d.		False		False
DRD4	ZINC000572302473	yes	Ki_nM	910	False	0.91000000000000003	6.0409586076789061	910	0.91000000000000003	False	6.0409586076789061	True
DRD4	ZINC000573216829	yes	Ki_nM	1430	False	1.4299999999999999	5.8446639625349386	1430	1.4299999999999999	False	5.8446639625349386	True
DRD4	ZINC000573862850	no	Ki_nM	n.d.	False			n.d.		False		False
DRD4	ZINC000579130977	no	Ki_nM	n.d.	False			n.d.		False		False
DRD4	ZINC000581277232	no	Ki_nM	n.d.	False			n.d.		False		False
DRD4	ZINC000584136937	yes	Ki_nM	7740	False	7.7400000000000002	5.1112590393171073	7740	7.7400000000000002	False	5.1112590393171073	True
DRD4	ZINC000584683200	yes	Ki_nM	3120	False	3.1200000000000001	5.5058454059815576	3120	3.1200000000000001	False	5.5058454059815576	True
DRD4	ZINC000591068587	no	Ki_nM	n.d.	False			n.d.		False		False
DRD4	ZINC000592181028	no	Ki_nM	n.d.	False			n.d.		False		False
DRD4	ZINC000593577820	no	Ki_nM	n.d.	False			n.d.		False		False
DRD4	ZINC000593910140	no	Ki_nM	n.d.	False			n.d.		False		False
DRD4	ZINC000594232893	yes	Ki_nM	5530	False	5.5300000000000002	5.2572748686953013	5530	5.5300000000000002	False	5.2572748686953013	True
DRD4	ZINC000594511648	no	Ki_nM	n.d.	False			n.d.		False		False
DRD4	ZINC000595265041	no	Ki_nM	n.d.	False			n.d.		False		False
DRD4	ZINC000595834230	no	Ki_nM	n.d.	False			n.d.		False		False
DRD4	ZINC000599310911	no	Ki_nM	n.d.	False			n.d.		False		False
DRD4	ZINC000599506959	no	Ki_nM	n.d.	False			n.d.		False		False
DRD4	ZINC000601077976	no	Ki_nM	n.d.	False			n.d.		False		False
DRD4	ZINC000601145950	no	Ki_nM	n.d.	False			n.d.		False		False
DRD4	ZINC000601953994	yes	Ki_nM	980	False	0.97999999999999998	6.0087739243075049	980	0.97999999999999998	False	6.0087739243075049	True
DRD4	ZINC000602586979	yes	Ki_nM	2560	False	2.5600000000000001	5.59176003468815	2560	2.5600000000000001	False	5.59176003468815	True
DRD4	ZINC000602819835	no	Ki_nM	n.d.	False			n.d.		False		False
DRD4	ZINC000609076791	yes	Ki_nM	330	False	0.33000000000000002	6.481486060122112	330	0.33000000000000002	False	6.481486060122112	True
DRD4	ZINC000609540377	yes	Ki_nM	3850	False	3.8500000000000001	5.414539270491499	3850	3.8500000000000001	False	5.414539270491499	True
DRD4	ZINC000610680867	no	Ki_nM	n.d.	False			n.d.		False		False
DRD4	ZINC000613759362	yes	Ki_nM	3910	False	3.9100000000000001	5.4078232426041328	3910	3.9100000000000001	False	5.4078232426041328	True
DRD4	ZINC000614852669	no	Ki_nM	n.d.	False			n.d.		False		False
DRD4	ZINC000614859831	no	Ki_nM	n.d.	False			n.d.		False		False
DRD4	ZINC000615622500	yes	Ki_nM	150	False	0.14999999999999999	6.8239087409443187	150	0.14999999999999999	False	6.8239087409443187	True
DRD4	ZINC000617989628	no	Ki_nM	n.d.	False			n.d.		False		False
DRD4	ZINC000619015225	no	Ki_nM	n.d.	False			n.d.		False		False
DRD4	ZINC000621433143	yes	Ki_nM	18.4	False	0.0184	7.7351821769904632	18.4	0.0184	False	7.7351821769904632	True
DRD4	ZINC000624097807	no	Ki_nM	n.d.	False			n.d.		False		False
DRD4	ZINC000624261462	no	Ki_nM	n.d.	False			n.d.		False		False
DRD4	ZINC000625626121	no	Ki_nM	n.d.	False			n.d.		False		False
DRD4	ZINC000626433159	no	Ki_nM	n.d.	False			n.d.		False		False
DRD4	ZINC000629994563	no	Ki_nM	n.d.	False			n.d.		False		False
DRD4	ZINC000630510616	no	Ki_nM	n.d.	False			n.d.		False		False
DRD4	ZINC000631091675	no	Ki_nM	n.d.	False			n.d.		False		False
DRD4	ZINC000631235817	yes	Ki_nM	3570	False	3.5699999999999998	5.4473317838878064	3570	3.5699999999999998	False	5.4473317838878064	True
DRD4	ZINC000631979398	no	Ki_nM	n.d.	False			n.d.		False		False
DRD4	ZINC000638645623	no	Ki_nM	n.d.	False			n.d.		False		False
DRD4	ZINC000639320180	no	Ki_nM	n.d.	False			n.d.		False		False
DRD4	ZINC000639558608	no	Ki_nM	n.d.	False			n.d.		False		False
DRD4	ZINC000639585864	no	Ki_nM	n.d.	False			n.d.		False		False
DRD4	ZINC000639821604	no	Ki_nM	n.d.	False			n.d.		False		False
DRD4	ZINC000640028109	yes	Ki_nM	810	False	0.81000000000000005	6.0915149811213505	810	0.81000000000000005	False	6.0915149811213505	True
DRD4	ZINC000640050710	no	Ki_nM	n.d.	False			n.d.		False		False
DRD4	ZINC000640099740	no	Ki_nM	n.d.	False			n.d.		False		False
DRD4	ZINC000641276655	no	Ki_nM	n.d.	False			n.d.		False		False
DRD4	ZINC000641759985	no	Ki_nM	n.d.	False			n.d.		False		False
DRD4	ZINC000642686331	no	Ki_nM	n.d.	False			n.d.		False		False
DRD4	ZINC000644617010	no	Ki_nM	n.d.	False			n.d.		False		False
DRD4	ZINC000646092836	yes	Ki_nM	3650	False	3.6499999999999999	5.4377071355435254	3650	3.6499999999999999	False	5.4377071355435254	True
DRD4	ZINC000649689957	yes	Ki_nM	3310	False	3.3100000000000001	5.4801720062242811	3310	3.3100000000000001	False	5.4801720062242811	True
DRD4	ZINC000650720303	no	Ki_nM	n.d.	False			n.d.		False		False
DRD4	ZINC000651262870	yes	Ki_nM	440	False	0.44	6.3565473235138121	440	0.44	False	6.3565473235138121	True
DRD4	ZINC000651686924	yes	Ki_nM	2570	False	2.5699999999999998	5.5900668766687058	2570	2.5699999999999998	False	5.5900668766687058	True
DRD4	ZINC000653191880	no	Ki_nM	n.d.	False			n.d.		False		False
DRD4	ZINC000655736376	no	Ki_nM	n.d.	False			n.d.		False		False
DRD4	ZINC000655940516	no	Ki_nM	n.d.	False			n.d.		False		False
DRD4	ZINC000656264298	no	Ki_nM	n.d.	False			n.d.		False		False
DRD4	ZINC000657498570	yes	Ki_nM	2430	False	2.4300000000000002	5.6143937264016879	2430	2.4300000000000002	False	5.6143937264016879	True
DRD4	ZINC000657699696	no	Ki_nM	n.d.	False			n.d.		False		False
DRD4	ZINC000657852679	yes	Ki_nM	3460	False	3.46	5.4609239012072237	3460	3.46	False	5.4609239012072237	True
DRD4	ZINC000661656736	no	Ki_nM	n.d.	False			n.d.		False		False
DRD4	ZINC000662049949	no	Ki_nM	n.d.	False			n.d.		False		False
DRD4	ZINC000662137220	no	Ki_nM	n.d.	False			n.d.		False		False
DRD4	ZINC000663410642	no	Ki_nM	n.d.	False			n.d.		False		False
DRD4	ZINC000663449223	no	Ki_nM	n.d.	False			n.d.		False		False
DRD4	ZINC000666614106	no	Ki_nM	n.d.	False			n.d.		False		False
DRD4	ZINC000672709877	no	Ki_nM	n.d.	False			n.d.		False		False
DRD4	ZINC000681711644	no	Ki_nM	n.d.	False			n.d.		False		False
MTR1A	ZINC000010198221	no	MT1_EC50_nM	n.d.	False			n.d.		False		False
MTR1A	ZINC000074790767	no	MT1_EC50_nM	n.d.	False			n.d.		False		False
MTR1A	ZINC000081089862	no	MT1_EC50_nM	n.d.	False			n.d.		False		False
MTR1A	ZINC000092585174	yes	MT1_EC50_nM	15.85	False	0.01585	7.79997073344623	15.85	0.01585	False	7.79997073344623	True
MTR1A	ZINC000096999692	no	MT1_EC50_nM	n.d.	False			n.d.		False		False
MTR1A	ZINC000103090424	no	MT1_EC50_nM	n.d.	False			n.d.		False		False
MTR1A	ZINC000115907437	no	MT1_EC50_nM	n.d.	False			n.d.		False		False
MTR1A	ZINC000151209032	yes	MT1_EC50_nM	1995.26	False	1.99526	5.7000005038830164	1995.26	1.99526	False	5.7000005038830164	True
MTR1A	ZINC000157665999	yes	MT1_EC50_nM	12882.50	False	12.8825	4.8899998488668874	12882.50	12.8825	False	4.8899998488668874	True
MTR1A	ZINC000159050207	yes	MT1_EC50_nM	1.00	False	0.001	9	1.00	0.001	False	9	True
MTR1A	ZINC000171638270	no	MT1_EC50_nM	n.d.	False			n.d.		False		False
MTR1A	ZINC000182731037	yes	MT1_EC50_nM	5011.87	False	5.01187	5.3000002024454176	5011.87	5.01187	False	5.3000002024454176	True
MTR1A	ZINC000192937787	no	MT1_EC50_nM	n.d.	False			n.d.		False		False
MTR1A	ZINC000225749564	no	MT1_EC50_nM	n.d.	False			n.d.		False		False
MTR1A	ZINC000301132336	no	MT1_EC50_nM	n.d.	False			n.d.		False		False
MTR1A	ZINC000301472854	yes	MT1_EC50_nM	933.25	False	0.93325000000000002	6.030002001401658	933.25	0.93325000000000002	False	6.030002001401658	True
MTR1A	ZINC000337650198	no	MT1_EC50_nM	n.d.	False			n.d.		False		False
MTR1A	ZINC000338784220	no	MT1_EC50_nM	n.d.	False			n.d.		False		False
MTR1A	ZINC000353044322	yes	MT1_EC50_nM	3311.31	False	3.3113099999999998	5.4800001593303236	3311.31	3.3113099999999998	False	5.4800001593303236	True
MTR1A	ZINC000365020547	no	MT1_EC50_nM	n.d.	False			n.d.		False		False
MTR1A	ZINC000371002965	no	MT1_EC50_nM	n.d.	False			n.d.		False		False
MTR1A	ZINC000419113878	yes	MT1_EC50_nM	6309.57	False	6.3095699999999999	5.2000002371093537	6309.57	6.3095699999999999	False	5.2000002371093537	True
MTR1A	ZINC000432154404	yes	MT1_EC50_nM	234.42	False	0.23441999999999999	6.6300053383915722	234.42	0.23441999999999999	False	6.6300053383915722	True
MTR1A	ZINC000433313647	yes	MT1_EC50_nM	154.88	False	0.15487999999999999	6.8100046600356814	154.88	0.15487999999999999	False	6.8100046600356814	True
MTR1A	ZINC000442850041	yes	MT1_EC50_nM	12.30	False	0.0123	7.9100948885606019	12.30	0.0123	False	7.9100948885606019	True
MTR1A	ZINC000450350477	no	MT1_EC50_nM	n.d.	False			n.d.		False		False
MTR1A	ZINC000571896737	no	MT1_EC50_nM	n.d.	False			n.d.		False		False
MTR1A	ZINC000576887661	yes	MT1_EC50_nM	79.43	False	0.079430000000000001	7.100015437450609	79.43	0.079430000000000001	False	7.100015437450609	True
MTR1A	ZINC000578312889	no	MT1_EC50_nM	n.d.	False			n.d.		False		False
MTR1A	ZINC000580731466	yes	MT1_EC50_nM	1995.26	False	1.99526	5.7000005038830164	1995.26	1.99526	False	5.7000005038830164	True
MTR1A	ZINC000596128269	no	MT1_EC50_nM	n.d.	False			n.d.		False		False
MTR1A	ZINC000596287223	no	MT1_EC50_nM	n.d.	False			n.d.		False		False
MTR1A	ZINC000603324490	yes	MT1_EC50_nM	1202.26	False	1.2022599999999999	5.9200016019216477	1202.26	1.2022599999999999	False	5.9200016019216477	True
MTR1A	ZINC000613571065	no	MT1_EC50_nM	n.d.	False			n.d.		False		False
MTR1A	ZINC000654452645	no	MT1_EC50_nM	n.d.	False			n.d.		False		False
MTR1A	ZINC000658937719	no	MT1_EC50_nM	n.d.	False			n.d.		False		False
MTR1A	ZINC000663400802	no	MT1_EC50_nM	n.d.	False			n.d.		False		False
MTR1A	ZINC000664088238	no	MT1_EC50_nM	n.d.	False			n.d.		False		False
ROCK1	mol_01	yes	Ki(uM)	0.04	False	0.040000000000000001	7.3979400086720375	0.04	0.040000000000000001	False	7.3979400086720375	True
ROCK1	mol_02	yes	Ki(uM)	0.05	False	0.050000000000000003	7.3010299956639813	0.05	0.050000000000000003	False	7.3010299956639813	True
ROCK1	mol_03	yes	Ki(uM)	0.08	False	0.080000000000000002	7.0969100130080562	0.08	0.080000000000000002	False	7.0969100130080562	True
ROCK1	mol_04	yes	Ki(uM)	0.08	False	0.080000000000000002	7.0969100130080562	0.08	0.080000000000000002	False	7.0969100130080562	True
ROCK1	mol_05	yes	Ki(uM)	0.08	False	0.080000000000000002	7.0969100130080562	0.08	0.080000000000000002	False	7.0969100130080562	True
ROCK1	mol_06	yes	Ki(uM)	0.09	False	0.089999999999999997	7.0457574905606748	0.09	0.089999999999999997	False	7.0457574905606748	True
ROCK1	mol_07	yes	Ki(uM)	0.13	False	0.13	6.8860566476931631	0.13	0.13	False	6.8860566476931631	True
ROCK1	mol_08	yes	Ki(uM)	0.15	False	0.14999999999999999	6.8239087409443187	0.15	0.14999999999999999	False	6.8239087409443187	True
ROCK1	mol_09	yes	Ki(uM)	0.29	False	0.28999999999999998	6.5376020021010444	0.29	0.28999999999999998	False	6.5376020021010444	True
ROCK1	mol_10	yes	Ki(uM)	0.31	False	0.31	6.5086383061657269	0.31	0.31	False	6.5086383061657269	True
ROCK1	mol_11	yes	Ki(uM)	0.57	False	0.56999999999999995	6.2441251443275085	0.57	0.56999999999999995	False	6.2441251443275085	True
ROCK1	mol_12	yes	Ki(uM)	1.10	False	1.1000000000000001	5.9586073148417746	1.10	1.1000000000000001	False	5.9586073148417746	True
ROCK1	mol_13	yes	Ki(uM)	2.14	False	2.1400000000000001	5.669586226650809	2.14	2.1400000000000001	False	5.669586226650809	True
ROCK1	mol_14	yes	Ki(uM)	3.61	False	3.6099999999999999	5.4424927980943423	3.61	3.6099999999999999	False	5.4424927980943423	True
ROCK1	mol_15	yes	Ki(uM)	6.80	False	6.7999999999999998	5.1674910872937634	6.80	6.7999999999999998	False	5.1674910872937634	True
ROCK1	mol_16	yes	Ki(uM)	0.79	False	0.79000000000000004	6.1023729087095582	0.79	0.79000000000000004	False	6.1023729087095582	True
ROCK1	mol_17	yes	Ki(uM)	1.36	False	1.3600000000000001	5.8664610916297821	1.36	1.3600000000000001	False	5.8664610916297821	True
ROCK1	mol_18	yes	Ki(uM)	4.50	False	4.5	5.346787486224656	4.50	4.5	False	5.346787486224656	True
ROCK1	mol_19	yes	Ki(uM)	5.09	False	5.0899999999999999	5.2932822176632417	5.09	5.0899999999999999	False	5.2932822176632417	True
ROCK1	mol_20	yes	Ki(uM)	5.60	False	5.5999999999999996	5.2518119729937993	5.60	5.5999999999999996	False	5.2518119729937993	True
ROCK1	mol_21	yes	Ki(uM)	7.23	False	7.2300000000000004	5.140861702705469	7.23	7.2300000000000004	False	5.140861702705469	True
ROCK1	mol_22	yes	Ki(uM)	0.10	False	0.10000000000000001	7	0.10	0.10000000000000001	False	7	True
ROCK1	mol_23	yes	Ki(uM)	2.20	False	2.2000000000000002	5.6575773191777934	2.20	2.2000000000000002	False	5.6575773191777934	True
ROCK1	mol_24	yes	Ki(uM)	4.39	False	4.3899999999999997	5.3575354797578782	4.39	4.3899999999999997	False	5.3575354797578782	True
ROCK1	mol_25	yes	Ki(uM)	1.83	False	1.8300000000000001	5.7375489102695703	1.83	1.8300000000000001	False	5.7375489102695703	True
ROCK1	mol_26	yes	Ki(uM)	6.64	False	6.6399999999999997	5.1778319206319825	6.64	6.6399999999999997	False	5.1778319206319825	True
ROCK1	mol_27	yes	Ki(uM)	6.71	False	6.71	5.1732774798310075	6.71	6.71	False	5.1732774798310075	True
ROCK1	mol_28	no	Ki(uM)	>10	True			>10		True		False
ROCK1	mol_29	no	Ki(uM)	>10	True			>10		True		False
ROCK1	mol_30	no	Ki(uM)	>10	True			>10		True		False
ROCK1	mol_31	no	Ki(uM)	>10	True			>10		True		False
ROCK1	mol_32	no	Ki(uM)	>10	True			>10		True		False
ROCK1	mol_33	no	Ki(uM)	>10	True			>10		True		False
ROCK1	mol_34	no	Ki(uM)	>10	True			>10		True		False
ROCK1	mol_35	no	Ki(uM)	>10	True			>10		True		False
ROCK1	mol_36	no	Ki(uM)	>10	True			>10		True		False
ROCK1	mol_37	no	Ki(uM)	>10	True			>10		True		False
ROCK1	mol_38	no	Ki(uM)	>10	True			>10		True		False
ROCK1	mol_39	no	Ki(uM)	>10	True			>10		True		False
ROCK1	mol_40	no	Ki(uM)	>10	True			>10		True		False
ROCK1	mol_41	no	Ki(uM)	>10	True			>10		True		False
ROCK1	mol_42	no	Ki(uM)	>10	True			>10		True		False
ROCK1	mol_43	no	Ki(uM)	>10	True			>10		True		False
ROCK1	mol_44	no	Ki(uM)	>10	True			>10		True		False
ROCK1	mol_45	no	Ki(uM)	>10	True			>10		True		False
ROCK1	mol_46	no	Ki(uM)	>10	True			>10		True		False
ROCK1	mol_47	no	Ki(uM)	>10	True			>10		True		False
ROCK1	mol_48	no	Ki(uM)	>10	True			>10		True		False
ROCK1	mol_49	no	Ki(uM)	>10	True			>10		True		False
ROCK1	mol_50	no	Ki(uM)	>10	True			>10		True		False
ROCK1	mol_51	no	Ki(uM)	>10	True			>10		True		False
ROCK1	mol_52	no	Ki(uM)	>10	True			>10		True		False
ROCK1	mol_53	no	Ki(uM)	>10	True			>10		True		False
ROCK1	mol_54	no	Ki(uM)	>10	True			>10		True		False
ROCK1	mol_55	no	Ki(uM)	>10	True			>10		True		False
ROCK1	mol_56	no	Ki(uM)	>10	True			>10		True		False
ROCK1	mol_57	no	Ki(uM)	>10	True			>10		True		False
ROCK1	mol_58	no	Ki(uM)	>10	True			>10		True		False
ROCK1	mol_59	no	Ki(uM)	>10	True			>10		True		False
ROCK1	mol_60	no	Ki(uM)	>10	True			>10		True		False
ROCK1	mol_61	no	Ki(uM)	>10	True			>10		True		False
ROCK1	mol_62	no	Ki(uM)	>10	True			>10		True		False
ROCK1	mol_63	no	Ki(uM)	>10	True			>10		True		False
ROCK1	mol_64	no	Ki(uM)	>10	True			>10		True		False
ROCK1	mol_65	no	Ki(uM)	>10	True			>10		True		False
ROCK1	mol_66	no	Ki(uM)	>10	True			>10		True		False
ROCK1	mol_67	no	Ki(uM)	>10	True			>10		True		False
ROCK1	mol_68	no	Ki(uM)	>10	True			>10		True		False
ROCK1	mol_69	no	Ki(uM)	>10	True			>10		True		False
SC6A4	ZINC000004344243	yes			False					False		True
SC6A4	ZINC000170619348	yes			False					False		True
SC6A4	ZINC000182466173	no			False					False		False
SC6A4	ZINC000252696072	no			False					False		False
SC6A4	ZINC000269761690	yes			False					False		True
SC6A4	ZINC000273148295	yes			False					False		True
SC6A4	ZINC000279319971	yes			False					False		True
SC6A4	ZINC000279775158	no			False					False		False
SC6A4	ZINC000294308141	yes			False					False		True
SC6A4	ZINC000297516685	no			False					False		False
SC6A4	ZINC000305339642	yes			False					False		True
SC6A4	ZINC000348114651	yes			False					False		True
SC6A4	ZINC000376506937	no			False					False		False
SC6A4	ZINC000378565724	yes			False					False		True
SC6A4	ZINC000411862305	yes			False					False		True
SC6A4	ZINC000412052739	no			False					False		False
SC6A4	ZINC000417864931	yes			False					False		True
SC6A4	ZINC000452112057	no			False					False		False
SC6A4	ZINC000534244960	no			False					False		False
SC6A4	ZINC000572755871	yes			False					False		True
SC6A4	ZINC000580533739	yes			False					False		True
SC6A4	ZINC000623756919	yes			False					False		True
SC6A4	ZINC000623997601	yes			False					False		True
SC6A4	ZINC000634713432	yes			False					False		True
SC6A4	ZINC000639685694	no			False					False		False
SC6A4	ZINC000663665364	no			False					False		False
SC6A4	ZINC000663935066	yes			False					False		True
SC6A4	ZINC000749792476	no			False					False		False
SC6A4	ZINC000770133499	no			False					False		False
SC6A4	ZINC000773009894	no			False					False		False
SC6A4	ZINC000796479861	yes			False					False		True
SC6A4	ZINC000853098204	yes			False					False		True
SC6A4	ZINC000897222313	yes			False					False		True
SC6A4	ZINC000925063197	no			False					False		False
SC6A4	ZINC001235111896	no			False					False		False
SGMR2	ZINC000064804934	no			False					False		False
SGMR2	ZINC000074484650	no			False					False		False
SGMR2	ZINC000076836015	yes			False					False		True
SGMR2	ZINC000093013680	no			False					False		False
SGMR2	ZINC000115566238	yes			False					False		True
SGMR2	ZINC000124982852	no			False					False		False
SGMR2	ZINC000131303503	yes			False					False		True
SGMR2	ZINC000131571127	no			False					False		False
SGMR2	ZINC000133991118	yes			False					False		True
SGMR2	ZINC000170742095	yes			False					False		True
SGMR2	ZINC000170908795	yes			False					False		True
SGMR2	ZINC000172648663	no			False					False		False
SGMR2	ZINC000176805277	yes			False					False		True
SGMR2	ZINC000176995469	yes			False					False		True
SGMR2	ZINC000182372239	yes			False					False		True
SGMR2	ZINC000186482223	no			False					False		False
SGMR2	ZINC000188287346	yes			False					False		True
SGMR2	ZINC000191344346	yes			False					False		True
SGMR2	ZINC000192043753	yes			False					False		True
SGMR2	ZINC000228149300	no			False					False		False
SGMR2	ZINC000245453841	no			False					False		False
SGMR2	ZINC000247001079	yes			False					False		True
SGMR2	ZINC000247015101	yes			False					False		True
SGMR2	ZINC000248559983	no			False					False		False
SGMR2	ZINC000248917461	no			False					False		False
SGMR2	ZINC000249076038	yes			False					False		True
SGMR2	ZINC000261552362	yes			False					False		True
SGMR2	ZINC000262658947	yes			False					False		True
SGMR2	ZINC000262856881	yes			False					False		True
SGMR2	ZINC000263644082	no			False					False		False
SGMR2	ZINC000269280100	yes			False					False		True
SGMR2	ZINC000285725404	no			False					False		False
SGMR2	ZINC000287374567	no			False					False		False
SGMR2	ZINC000287581634	no			False					False		False
SGMR2	ZINC000295103757	no			False					False		False
SGMR2	ZINC000296612417	yes			False					False		True
SGMR2	ZINC000301801549	yes			False					False		True
SGMR2	ZINC000332414923	no			False					False		False
SGMR2	ZINC000336580930	yes			False					False		True
SGMR2	ZINC000347007006	no			False					False		False
SGMR2	ZINC000348332392	yes			False					False		True
SGMR2	ZINC000348635286	no			False					False		False
SGMR2	ZINC000353995714	yes			False					False		True
SGMR2	ZINC000358253868	yes			False					False		True
SGMR2	ZINC000369205980	no			False					False		False
SGMR2	ZINC000374368469	yes			False					False		True
SGMR2	ZINC000375486080	yes			False					False		True
SGMR2	ZINC000376738332	no			False					False		False
SGMR2	ZINC000398583627	yes			False					False		True
SGMR2	ZINC000407281203	no			False					False		False
SGMR2	ZINC000409447221	yes			False					False		True
SGMR2	ZINC000410783840	no			False					False		False
SGMR2	ZINC000412048402	no			False					False		False
SGMR2	ZINC000421295130	no			False					False		False
SGMR2	ZINC000421699823	no			False					False		False
SGMR2	ZINC000421701270	no			False					False		False
SGMR2	ZINC000421710394	no			False					False		False
SGMR2	ZINC000421710406	no			False					False		False
SGMR2	ZINC000423867812	no			False					False		False
SGMR2	ZINC000426471156	yes			False					False		True
SGMR2	ZINC000426526480	no			False					False		False
SGMR2	ZINC000429522320	yes			False					False		True
SGMR2	ZINC000430847713	yes			False					False		True
SGMR2	ZINC000430988927	yes			False					False		True
SGMR2	ZINC000433044150	yes			False					False		True
SGMR2	ZINC000435004139	no			False					False		False
SGMR2	ZINC000436303801	no			False					False		False
SGMR2	ZINC000439311985	no			False					False		False
SGMR2	ZINC000440321606	yes			False					False		True
SGMR2	ZINC000446751851	yes			False					False		True
SGMR2	ZINC000448446275	yes			False					False		True
SGMR2	ZINC000450573233	yes			False					False		True
SGMR2	ZINC000451319844	yes			False					False		True
SGMR2	ZINC000452023252	yes			False					False		True
SGMR2	ZINC000452107481	yes			False					False		True
SGMR2	ZINC000453142034	yes			False					False		True
SGMR2	ZINC000453351921	yes			False					False		True
SGMR2	ZINC000453607577	no			False					False		False
SGMR2	ZINC000464767692	yes			False					False		True
SGMR2	ZINC000466933503	no			False					False		False
SGMR2	ZINC000468894194	yes			False					False		True
SGMR2	ZINC000472356611	yes			False					False		True
SGMR2	ZINC000473272986	yes			False					False		True
SGMR2	ZINC000480785335	yes			False					False		True
SGMR2	ZINC000481989921	yes			False					False		True
SGMR2	ZINC000500192494	yes			False					False		True
SGMR2	ZINC000501775665	yes			False					False		True
SGMR2	ZINC000507809396	yes			False					False		True
SGMR2	ZINC000508455082	yes			False					False		True
SGMR2	ZINC000508475661	yes			False					False		True
SGMR2	ZINC000512182007	yes			False					False		True
SGMR2	ZINC000513818302	no			False					False		False
SGMR2	ZINC000516964180	no			False					False		False
SGMR2	ZINC000517634594	no			False					False		False
SGMR2	ZINC000518003593	no			False					False		False
SGMR2	ZINC000520440291	no			False					False		False
SGMR2	ZINC000525245955	no			False					False		False
SGMR2	ZINC000526962900	yes			False					False		True
SGMR2	ZINC000528002641	no			False					False		False
SGMR2	ZINC000531059007	no			False					False		False
SGMR2	ZINC000532978237	no			False					False		False
SGMR2	ZINC000533478938	yes			False					False		True
SGMR2	ZINC000534109220	yes			False					False		True
SGMR2	ZINC000536865847	yes			False					False		True
SGMR2	ZINC000542825037	no			False					False		False
SGMR2	ZINC000544117725	yes			False					False		True
SGMR2	ZINC000548355486	yes			False					False		True
SGMR2	ZINC000549824186	yes			False					False		True
SGMR2	ZINC000550423124	yes			False					False		True
SGMR2	ZINC000556573026	yes			False					False		True
SGMR2	ZINC000559413424	yes			False					False		True
SGMR2	ZINC000567338231	yes			False					False		True
SGMR2	ZINC000571080072	yes			False					False		True
SGMR2	ZINC000574285278	no			False					False		False
SGMR2	ZINC000574318236	no			False					False		False
SGMR2	ZINC000574654702	yes			False					False		True
SGMR2	ZINC000577603040	yes			False					False		True
SGMR2	ZINC000584028046	yes			False					False		True
SGMR2	ZINC000589606863	yes			False					False		True
SGMR2	ZINC000592403811	no			False					False		False
SGMR2	ZINC000595632104	yes			False					False		True
SGMR2	ZINC000595790972	no			False					False		False
SGMR2	ZINC000605902355	yes			False					False		True
SGMR2	ZINC000609803478	yes			False					False		True
SGMR2	ZINC000611661177	yes			False					False		True
SGMR2	ZINC000617924178	no			False					False		False
SGMR2	ZINC000621202771	yes			False					False		True
SGMR2	ZINC000621267824	yes			False					False		True
SGMR2	ZINC000624110289	yes			False					False		True
SGMR2	ZINC000645238909	yes			False					False		True
SGMR2	ZINC000656499190	yes			False					False		True
SGMR2	ZINC000656508398	yes			False					False		True
SGMR2	ZINC000656714762	yes			False					False		True
SGMR2	ZINC000657922756	yes			False					False		True
SGMR2	ZINC000657934399	yes			False					False		True
SGMR2	ZINC000659267272	no			False					False		False
SGMR2	ZINC000661577595	yes			False					False		True
SGMR2	ZINC000662335416	no			False					False		False
SGMR2	ZINC000665143541	no			False					False		False
SGMR2	ZINC000668631550	yes			False					False		True
SGMR2	ZINC000669616349	yes			False					False		True
SGMR2	ZINC000672564445	yes			False					False		True
SGMR2	ZINC000676461131	yes			False					False		True
SGMR2	ZINC000678272880	yes			False					False		True
SGMR2	ZINC000681377109	no			False					False		False
SGMR2	ZINC000683721842	no			False					False		False
SGMR2	ZINC000684407814	yes			False					False		True
SGMR2	ZINC000684607185	yes			False					False		True
SGMR2	ZINC000743860012	yes			False					False		True
SGMR2	ZINC000766031584	yes			False					False		True
SGMR2	ZINC000769519341	no			False					False		False
SGMR2	ZINC000775588849	yes			False					False		True
SGMR2	ZINC000777733869	no			False					False		False
SGMR2	ZINC000792998860	yes			False					False		True
SGMR2	ZINC000801571276	yes			False					False		True
SGMR2	ZINC000802379169	no			False					False		False
SGMR2	ZINC000805335094	no			False					False		False
SGMR2	ZINC000809405032	no			False					False		False
SGMR2	ZINC000819225653	yes			False					False		True
SGMR2	ZINC000820594289	no			False					False		False
SGMR2	ZINC000825615260	no			False					False		False
SGMR2	ZINC000830877226	no			False					False		False
SGMR2	ZINC000839577413	yes			False					False		True
SGMR2	ZINC000843092160	yes			False					False		True
SGMR2	ZINC000846106280	yes			False					False		True
SGMR2	ZINC000849049798	yes			False					False		True
SGMR2	ZINC000858362097	no			False					False		False
SGMR2	ZINC000872109019	yes			False					False		True
SGMR2	ZINC000878084395	yes			False					False		True
SGMR2	ZINC000878406056	yes			False					False		True
SGMR2	ZINC000886762228	no			False					False		False
SGMR2	ZINC000886836194	yes			False					False		True
SGMR2	ZINC000892713700	no			False					False		False
SGMR2	ZINC000893277758	no			False					False		False
SGMR2	ZINC000894101819	yes			False					False		True
SGMR2	ZINC000894427229	yes			False					False		True
SGMR2	ZINC000894429059	yes			False					False		True
SGMR2	ZINC000895657866	yes			False					False		True
SGMR2	ZINC000897616680	yes			False					False		True
SGMR2	ZINC000911907143	no			False					False		False
SGMR2	ZINC000921927365	yes			False					False		True
SGMR2	ZINC000924470947	yes			False					False		True
SGMR2	ZINC000925887162	yes			False					False		True
SGMR2	ZINC000932000298	no			False					False		False
SGMR2	ZINC000932649435	yes			False					False		True
SGMR2	ZINC000933438523	yes			False					False		True
SGMR2	ZINC000934332177	yes			False					False		True
SGMR2	ZINC000961091031	yes			False					False		True
SGMR2	ZINC001095312060	yes			False					False		True
SGMR2	ZINC001096194954	no			False					False		False
SGMR2	ZINC001109713565	yes			False					False		True
SGMR2	ZINC001156463732	yes			False					False		True
SGMR2	ZINC001168222793	yes			False					False		True
SGMR2	ZINC001169307444	yes			False					False		True
SGMR2	ZINC001170548029	yes			False					False		True
SGMR2	ZINC001196519317	yes			False					False		True
SGMR2	ZINC001206651458	no			False					False		False
SGMR2	ZINC001237901728	yes			False					False		True
SGMR2	ZINC001254761628	yes			False					False		True
SGMR2	ZINC001307701283	yes			False					False		True
SGMR2	ZINC001308961074	yes			False					False		True
SGMR2	ZINC001320149247	yes			False					False		True
SGMR2	ZINC001362573982	no			False					False		False
SGMR2	ZINC001376084945	yes			False					False		True
SGMR2	ZINC001460312963	yes			False					False		True
SGMR2	ZINC001460371878	yes			False					False		True
SGMR2	ZINC001474404955	yes			False					False		True
SGMR2	ZINC001525937517	no			False					False		False
SGMR2	ZINC001579778746	yes			False					False		True
SGMR2	ZINC001580410121	no			False					False		False
