peptide_id	peptide_seq	source_files	bg	design_source
bh3_0000	GQAAAQIVAQLIRMADDVEAQY	f100.csv,m1.csv,m1r.csv,x1.csv	P	m_p
bh3_0001	GQAACQIIAQLKRMADDIDAQY	f100.csv,f100r.csv,m1.csv,m1r.csv,x100.csv,x1r.csv	P	m_p
bh3_0002	GQAARHIVAQLIRMADDVEAQY	f100.csv,f100r.csv,m1.csv,m1r.csv,x100.csv,x100r.csv,x1r.csv	P	m_p
bh3_0003	GQAAYDVIAQLRRMADDFEAQY	f100.csv,f100r.csv,m1.csv,x1.csv,x100r.csv,x1r.csv	P	m_p
bh3_0004	GQAAYHIGAQLRRMADDFQAQY	f100.csv,f100r.csv,m1.csv,m1r.csv,x1.csv,x100.csv,x100r.csv	P	m_p
bh3_0005	GQGACEIIAQLRRMADDSNAQY	f100.csv,f100r.csv,m1.csv,m1r.csv,x1.csv,x100.csv,x100r.csv,x1r.csv	P	m_p
bh3_0006	GQGACQISAQLVRMADDLEAQY	f100.csv,m1.csv,m1r.csv,x100.csv,x100r.csv,x1r.csv	P	m_p
bh3_0007	GQGADHVTAQLKRMADDHNAQY	f100.csv,m1.csv,m1r.csv,x100.csv,x100r.csv,x1r.csv	P	m_p
bh3_0008	GQGAREVGAQLGRMADDFEAQY	f100.csv,m1.csv,m1r.csv,x1.csv,x100.csv,x100r.csv,x1r.csv	P	m_p
bh3_0009	GQGASEIGAQLKRMADDFQAQY	f100.csv,f100r.csv,m1.csv,m1r.csv,x1.csv,x100.csv,x100r.csv,x1r.csv	P	m_p
bh3_0010	GQPAAHAIAQLIRMADDLKAQY	f100.csv,f100r.csv,m1.csv,m1r.csv,x100.csv,x100r.csv,x1r.csv	P	m_p
bh3_0011	GQPACHVIAQLERMADDINAQY	f100.csv,m1.csv,m1r.csv,x100.csv,x100r.csv,x1r.csv	P	m_p
bh3_0012	GQPACQVIAQLRRMADDIHAQY	f100.csv,f100r.csv,m1.csv,m1r.csv,x100.csv,x100r.csv,x1r.csv	P	m_p
bh3_0013	GQPAFEATAQLERMADDYEAQY	f100.csv,f100r.csv,m1.csv,x100.csv,x100r.csv,x1r.csv	P	m_p
bh3_0014	GQPAGHATAQLTRMADDYEAQY	f100.csv,f100r.csv,m1.csv,m1r.csv,x100.csv,x100r.csv,x1r.csv	P	m_p
bh3_0015	GQPASEIAAQLVRMADDAQAQY	f100.csv,f100r.csv,m1.csv,m1r.csv,x100.csv,x100r.csv,x1r.csv	P	m_p
bh3_0016	GQPAYQVIAQLGRMADDIQAQY	f100.csv,f100r.csv,m1.csv,m1r.csv,x100.csv,x100r.csv,x1r.csv	P	m_p
bh3_0017	GQRACQAIAQLVRMADDFDAQY	f100.csv,f100r.csv,m1.csv,m1r.csv,x1.csv	P	m_p
bh3_0018	GQRADHIIAQLVRMADDFKAQY	f100.csv,m1.csv,m1r.csv,x1.csv,x100r.csv,x1r.csv	P	m_p
bh3_0019	GQSACDIGAQLIRMADDVQAQY	f100.csv,m1.csv,m1r.csv,x100.csv,x100r.csv,x1r.csv	P	m_p
bh3_0020	GQSACEAIAQLIRMADDLNAQY	f100.csv,f100r.csv,m1.csv,m1r.csv,x1.csv,x100r.csv,x1r.csv	P	m_p
bh3_0021	GQSACEVAAQLGRMADDVNAQY	f100.csv,f100r.csv,m1.csv,m1r.csv,x1.csv,x100.csv,x100r.csv,x1r.csv	P	m_p
bh3_0022	GQSACHIAAQLTRMADDYDAQY	f100.csv,m1.csv,x1.csv,x100.csv,x1r.csv	P	m_p
bh3_0023	GQSACQIAAQLKRMADDIDAQY	f100.csv,f100r.csv,m1.csv,m1r.csv,x1.csv,x100.csv,x100r.csv,x1r.csv	P	m_p
bh3_0024	GQSADDIVAQLVRMADDYNAQY	f100.csv,m1.csv,m1r.csv,x1.csv,x100.csv,x100r.csv,x1r.csv	P	m_p
bh3_0025	GQSAFDVIAQLIRMADDVHAQY	f100.csv,m1.csv,m1r.csv,x1.csv,x100.csv,x1r.csv	P	m_p
bh3_0026	GQSAGDVVAQLGRMADDHQAQY	f100.csv,f100r.csv,m1.csv,m1r.csv,x100.csv,x100r.csv,x1r.csv	P	m_p
bh3_0027	GQSALHIIAQLARMADDYQAQY	f100.csv,f100r.csv,m1.csv,m1r.csv,x1.csv,x100.csv,x100r.csv,x1r.csv	P	m_p
bh3_0028	GQSALQIAAQLIRMADDTQAQY	f100.csv,m1.csv,m1r.csv,x1.csv,x100.csv,x1r.csv	P	m_p
bh3_0029	GQSASDTAAQLRRMADDVDAQY	f100.csv,f100r.csv,m1.csv,m1r.csv,x100.csv,x1r.csv	P	m_p
bh3_0030	GQTACHIIAQLKRMADDIDAQY	f100.csv,m1.csv,m1r.csv,x100.csv,x100r.csv,x1r.csv	P	m_p
bh3_0031	GQTACQIVAQLKRMADDIQAQY	f100.csv,f100r.csv,m1.csv,m1r.csv,x100.csv,x100r.csv,x1r.csv	P	m_p
bh3_0032	GQTADHISAQLVRMADDVNAQY	f100.csv,m1.csv,m1r.csv,x100.csv,x100r.csv,x1r.csv	P	m_p
bh3_0033	GQTARDIAAQLGRMADDIEAQY	f100.csv,f100r.csv,m1.csv,x1.csv,x100r.csv,x1r.csv	P	m_p
bh3_0034	GQWAADVVAQLRRMADDLQAQY	f100.csv,f100r.csv,m1.csv,m1r.csv,x1.csv,x100.csv,x100r.csv,x1r.csv	P	m_p
bh3_0035	GQWAAQVVAQLKRMADDLQAQY	f100.csv,f100r.csv,m1.csv,m1r.csv,x1.csv,x100.csv,x100r.csv,x1r.csv	P	m_p
bh3_0036	GQWACDAGAQLGRMADDYEAQY	f100.csv,f100r.csv,m1.csv,m1r.csv,x100.csv,x100r.csv,x1r.csv	P	m_p
bh3_0037	GQWACDIIAQLGRMADDIHAQY	f100.csv,f100r.csv,m1.csv,m1r.csv,x1.csv,x100.csv,x100r.csv,x1r.csv	P	m_p
bh3_0038	GQWACDIIAQLIRMADDYEAQY	f100.csv,f100r.csv,m1.csv,m1r.csv,x1.csv,x100r.csv,x1r.csv	P	m_p
bh3_0039	GQWACDVIAQLKRMADDVDAQY	f100.csv,f100r.csv,m1.csv,m1r.csv,x100.csv,x100r.csv,x1r.csv	P	m_p
bh3_0040	GQWACEAGAQLRRMADDTDAQY	f100.csv,f100r.csv,m1.csv,m1r.csv,x100.csv,x100r.csv,x1r.csv	P	m_p
bh3_0041	GQWACHISAQLARMADDVKAQY	f100.csv,f100r.csv,m1.csv,m1r.csv,x100.csv,x100r.csv,x1r.csv	P	m_p
bh3_0042	GQWACQIVAQLIRMADDSNAQY	f100.csv,f100r.csv,m1.csv,x100.csv,x100r.csv,x1r.csv	P	m_p
bh3_0043	GQWACQTAAQLRRMADDIEAQY	f100.csv,m1.csv,m1r.csv,x1.csv,x100r.csv,x1r.csv	P	m_p
bh3_0044	GQWADEIGAQLGRMADDFEAQY	f100.csv,m1.csv,m1r.csv,x1.csv,x100r.csv,x1r.csv	P	m_p
bh3_0045	GQWADEVIAQLTRMADDIQAQY	f100.csv,f100r.csv,m1.csv,x1.csv,x100.csv,x100r.csv,x1r.csv	P	m_p
bh3_0046	GQWADHIIAQLRRMADDFHAQY	f100.csv,f100r.csv,m1.csv,m1r.csv,x1.csv,x100r.csv,x1r.csv	P	m_p
bh3_0047	GQWAFDIGAQLGRMADDVEAQY	f100.csv,f100r.csv,m1.csv,m1r.csv,x100.csv	P	m_p
bh3_0048	GQWAFDIIAQLVRMADDVHAQY	f100.csv,m1.csv,m1r.csv,x1.csv,x100.csv,x100r.csv,x1r.csv	P	m_p
bh3_0049	GQWAFQIIAQLRRMADDDEAQY	f100.csv,f100r.csv,m1.csv,x1.csv,x100.csv,x1r.csv	P	m_p
bh3_0050	GQWAFQITAQLIRMADDIDAQY	f100.csv,f100r.csv,m1.csv,m1r.csv,x1.csv,x100r.csv,x1r.csv	P	m_p
bh3_0051	GQWAFQVSAQLRRMADDLEAQY	f100.csv,f100r.csv,m1.csv,m1r.csv,x1.csv,x100r.csv,x1r.csv	P	m_p
bh3_0052	GQWAGQIGAQLTRMADDFQAQY	f100.csv,f100r.csv,m1.csv,m1r.csv,x1.csv,x100r.csv,x1r.csv	P	m_p
bh3_0053	GQWALDITAQLRRMADDLDAQY	f100.csv,f100r.csv,m1.csv,m1r.csv,x1.csv,x100r.csv,x1r.csv	P	m_p
bh3_0054	GQWALDVGAQLVRMADDFDAQY	f100.csv,f100r.csv,m1.csv,x1.csv,x100r.csv,x1r.csv	P	m_p
bh3_0055	GQWALHISAQLTRMADDFKAQY	f100.csv,f100r.csv,m1.csv,m1r.csv,x1.csv,x100r.csv	P	m_p
bh3_0056	GQWALHVAAQLIRMADDVNAQY	f100.csv,f100r.csv,m1.csv,m1r.csv,x1.csv,x1r.csv	P	m_p
bh3_0057	GQWALQIIAQLIRMADDHDAQY	f100.csv,f100r.csv,m1.csv,m1r.csv,x1.csv,x1r.csv	P	m_p
bh3_0058	GQWAREIAADLRRIADIFNAQI	f100.csv,m1.csv,m1r.csv,x1.csv,x100.csv,x100r.csv	P	f_p
bh3_0059	GQWAREICADLRRSADNINAQI	f100.csv,f100r.csv,m1.csv,m1r.csv,x1.csv,x100r.csv,x1r.csv	P	f_p
bh3_0060	GQWAREICAHLRRAADISNAQI	f100.csv,f100r.csv,m1.csv,m1r.csv,x1.csv,x100r.csv,x1r.csv	P	f_p
bh3_0061	GQWAREICALLRRIADMFNAQF	f100.csv,f100r.csv,m1.csv,m1r.csv,x100.csv,x100r.csv,x1r.csv	P	f_p
bh3_0062	GQWAREICASLRRIADNSNAQF	f100.csv,f100r.csv,m1.csv,m1r.csv,x100.csv,x100r.csv,x1r.csv	P	f_p
bh3_0063	GQWAREICAYLRRAADKINAQA	f100.csv,f100r.csv,m1.csv,x100.csv,x100r.csv,x1r.csv	P	f_p
bh3_0064	GQWAREICAYLRRLADMINAQA	f100.csv,f100r.csv,m1.csv,m1r.csv,x1.csv,x100.csv,x100r.csv,x1r.csv	P	f_p
bh3_0065	GQWAREIDAVLRRIADLVNAQS	f100.csv,f100r.csv,m1.csv,m1r.csv,x100.csv,x100r.csv,x1r.csv	P	f_p
bh3_0066	GQWAREIGACLRRVADVDNAQV	f100.csv,f100r.csv,m1.csv,m1r.csv,x1.csv,x100.csv,x100r.csv,x1r.csv	P	f_p
bh3_0067	GQWAREIGAYLRRLADNYNAQV	f100.csv,m1.csv,x1.csv,x100.csv,x100r.csv,x1r.csv	P	f_p
bh3_0068	GQWAREIYACLRRGADHVNAQI	f100.csv,f100r.csv,m1.csv,m1r.csv,x100.csv,x100r.csv,x1r.csv	P	f_p
bh3_0069	GQWAREIYACLRRLADVLNAQL	f100.csv,f100r.csv,m1.csv,m1r.csv,x100.csv,x100r.csv,x1r.csv	P	f_p
bh3_0070	GQWAREIYAFLRRFADVYNAQP	f100.csv,f100r.csv,m1.csv,m1r.csv,x100.csv,x100r.csv,x1r.csv	P	f_p
bh3_0071	GQWAREIYAILRRLADHFNAQL	f100.csv,f100r.csv,m1.csv,m1r.csv,x1.csv,x100r.csv,x1r.csv	P	f_p
bh3_0072	GQWARHIAAQLIRMADDVEAQY	f100.csv,f100r.csv,m1.csv,m1r.csv,x100.csv,x100r.csv,x1r.csv	P	m_p
bh3_0073	GQWASDIGAQLARMADDTDAQY	f100.csv,f100r.csv,m1.csv,m1r.csv,x100.csv,x100r.csv,x1r.csv	P	m_p
bh3_0074	GQWASQIIAQLARMADDIDAQY	f100.csv,f100r.csv,m1.csv,m1r.csv,x1.csv,x1r.csv	P	m_p
bh3_0075	GQWAVDISAQLIRMADDVDAQY	f100.csv,f100r.csv,m1.csv,m1r.csv,x1.csv,x100.csv,x100r.csv,x1r.csv	P	m_p
bh3_0076	GQWAVHVIAQLGRMADDVQAQY	f100.csv,f100r.csv,m1.csv,m1r.csv,x1.csv,x100r.csv,x1r.csv	P	m_p
bh3_0077	GQWAVQIGAQLIRMADDIEAQY	f100.csv,m1.csv,m1r.csv,x1.csv	P	m_p
bh3_0078	GQWAYDISAQLVRMADDFHAQY	f100.csv,f100r.csv,m1.csv,m1r.csv,x1.csv,x100r.csv,x1r.csv	P	m_p
bh3_0079	GQWAYDIVAQLERMADDFNAQY	f100.csv,f100r.csv,m1.csv,m1r.csv,x1.csv,x100r.csv,x1r.csv	P	m_p
bh3_0080	GQWAYEIAAQLGRMADDAHAQY	f100.csv,f100r.csv,m1.csv,m1r.csv,x100.csv,x100r.csv,x1r.csv	P	m_p
bh3_0081	GQWAYEVIAQLVRMADDLEAQY	f100.csv,f100r.csv,m1.csv,m1r.csv,x1.csv,x100r.csv,x1r.csv	P	m_p
bh3_0082	GQWAYHVAAQLTRMADDFNAQY	f100.csv,f100r.csv,m1.csv,m1r.csv,x1.csv,x100r.csv,x1r.csv	P	m_p
bh3_0083	GQWDREVGAQLGRFADDLNEQT	f100.csv,f100r.csv,m1.csv,m1r.csv,x100.csv,x100r.csv,x1r.csv	P	x_p
bh3_0084	GQWDREVGAQLRRAGDDLNTQG	f100.csv,f100r.csv,m1.csv,m1r.csv,x100.csv,x100r.csv,x1r.csv	P	x_p
bh3_0085	GQWEREDGAQLIRFGDDLHEQS	f100.csv,f100r.csv,m1.csv,m1r.csv,x100.csv,x100r.csv	P	x_p
bh3_0086	GQWEREFGAQLTRVGDDLNKQC	f100.csv,f100r.csv,m1.csv,m1r.csv,x100.csv,x100r.csv,x1r.csv	P	x_p
bh3_0087	GQWEREIAADLRRSADEYNAQF	f100.csv,f100r.csv,m1.csv,m1r.csv,x1.csv,x100.csv,x100r.csv,x1r.csv	P	f_p
bh3_0088	GQWEREIAAFLRRSADDVNAQA	f100.csv,f100r.csv,m1.csv,m1r.csv,x100.csv,x100r.csv,x1r.csv	P	f_p
bh3_0089	GQWEREIAAHLRRCADMFNAQA	f100.csv,m1.csv,m1r.csv,x1.csv,x100.csv,x100r.csv,x1r.csv	P	f_p
bh3_0090	GQWEREIAALLRRIADLYNAQI	f100.csv,f100r.csv,m1.csv,m1r.csv,x1.csv,x100r.csv,x1r.csv	P	f_p
bh3_0091	GQWEREIAAVLRRAADVVNAQL	f100.csv,f100r.csv,m1.csv,x100.csv,x100r.csv,x1r.csv	P	f_p
bh3_0092	GQWEREICAFLRRFADEVNAQF	f100.csv,f100r.csv,m1.csv,m1r.csv,x100.csv,x1r.csv	P	f_p
bh3_0093	GQWEREICAFLRRIADDVNAQI	f100.csv,f100r.csv,m1.csv,x1.csv,x100.csv,x100r.csv,x1r.csv	P	f_p
bh3_0094	GQWEREICAHLRRFADIVNAQF	f100.csv,f100r.csv,m1.csv,m1r.csv,x100.csv,x100r.csv,x1r.csv	P	f_p
bh3_0095	GQWEREICALLRRLADHDNAQP	f100.csv,f100r.csv,m1.csv,m1r.csv,x100.csv,x100r.csv,x1r.csv	P	f_p
bh3_0096	GQWEREICASLRRSADEVNAQT	f100.csv,f100r.csv,m1.csv,m1r.csv,x100.csv,x100r.csv,x1r.csv	P	f_p
bh3_0097	GQWEREICAVLRRSADVYNAQV	f100.csv,f100r.csv,m1.csv,m1r.csv,x100.csv,x100r.csv,x1r.csv	P	f_p
bh3_0098	GQWEREICAYLRRFADIFNAQI	f100.csv,f100r.csv,m1.csv,m1r.csv,x1.csv,x100.csv,x100r.csv,x1r.csv	P	f_p
bh3_0099	GQWEREIGACLRRCADVINAQT	f100.csv,f100r.csv,m1.csv,m1r.csv,x1.csv,x100.csv,x100r.csv,x1r.csv	P	f_p
bh3_0100	GQWEREIGACLRRFADKPNAQP	f100.csv,f100r.csv,m1.csv,m1r.csv,x100.csv,x100r.csv,x1r.csv	P	f_p
bh3_0101	GQWEREIGAFLRRFADIINAQV	f100.csv,f100r.csv,m1.csv,x1.csv,x100r.csv,x1r.csv	P	f_p
bh3_0102	GQWEREIGAILRRIADKFNAQF	f100.csv,m1.csv,x1.csv	P	f_p
bh3_0103	GQWEREIGAQLIRFGDDLITQY	f100.csv,f100r.csv,m1.csv,x1.csv	P	x_p
bh3_0104	GQWEREIGAVLRRLADLLNAQA	f100.csv,f100r.csv,m1.csv,x1.csv,x100r.csv,x1r.csv	P	f_p
bh3_0105	GQWEREIGAYLRRAADNVNAQF	f100.csv,m1.csv,x1.csv	P	f_p
bh3_0106	GQWEREISACLRRIADVVNAQF	f100.csv,f100r.csv,m1.csv,m1r.csv,x100.csv,x100r.csv,x1r.csv	P	f_p
bh3_0107	GQWEREISAGLRRIADVYNAQI	f100.csv,f100r.csv,m1.csv,m1r.csv,x100.csv,x1r.csv	P	f_p
bh3_0108	GQWEREISAYLRRLADHLNAQV	f100.csv,m1.csv,m1r.csv,x1.csv,x100r.csv,x1r.csv	P	f_p
bh3_0109	GQWEREIYACLRRIADVFNAQL	f100.csv,f100r.csv,m1.csv,m1r.csv,x1.csv,x100.csv,x100r.csv,x1r.csv	P	f_p
bh3_0110	GQWEREIYAFLRRFADEYNAQV	f100.csv,f100r.csv,m1.csv,m1r.csv,x100.csv,x100r.csv,x1r.csv	P	f_p
bh3_0111	GQWEREIYASLRRFADKINAQF	f100.csv,f100r.csv,m1.csv,m1r.csv,x1.csv,x100r.csv	P	f_p
bh3_0112	GQWEREIYAYLRRIADNFNAQF	f100.csv,f100r.csv,m1.csv,x1.csv,x1r.csv	P	f_p
bh3_0113	GQWEREIYAYLRRTADEFNAQF	f100.csv,f100r.csv,m1.csv,m1r.csv,x1.csv,x100r.csv,x1r.csv	P	f_p
bh3_0114	GQWERELGAQLRRSGDDLDTQC	f100.csv,f100r.csv,m1.csv,m1r.csv,x100.csv,x100r.csv,x1r.csv	P	x_p
bh3_0115	GQWHREFGAQLVRTGDDLVTQY	f100.csv,f100r.csv,m1.csv,m1r.csv,x100.csv,x100r.csv,x1r.csv	P	x_p
bh3_0116	GQWIREFGAQLARTGDDLVKQS	f100.csv,f100r.csv,m1.csv,m1r.csv,x1.csv,x100.csv,x100r.csv,x1r.csv	P	x_p
bh3_0117	GQWIREFGAQLARVADDLIAQY	f100.csv,m1.csv,m1r.csv,x1.csv,x100.csv,x100r.csv,x1r.csv	P	x_p
bh3_0118	GQWIREHGAQLVRSADDLNTQC	f100.csv,f100r.csv,m1.csv,m1r.csv,x100.csv,x100r.csv,x1r.csv	P	x_p
bh3_0119	GQWIREIAACLRRFADEVNAQF	f100.csv,m1.csv,m1r.csv,x1.csv,x100.csv,x100r.csv,x1r.csv	P	f_p
bh3_0120	GQWIREIAACLRRVADQYNAQA	f100.csv,f100r.csv,m1.csv,m1r.csv,x1.csv,x100r.csv,x1r.csv	P	f_p
bh3_0121	GQWIREIAADLRRAADEHNAQV	f100.csv,f100r.csv,m1.csv,m1r.csv,x1.csv,x1r.csv	P	f_p
bh3_0122	GQWIREIAAILRRCADLINAQL	f100.csv,f100r.csv,m1.csv,m1r.csv,x100.csv,x100r.csv,x1r.csv	P	f_p
bh3_0123	GQWIREICADLRRIADMFNAQS	f100.csv,f100r.csv,m1.csv,m1r.csv,x1.csv,x100r.csv,x1r.csv	P	f_p
bh3_0124	GQWIREICADLRRSADLINAQL	f100.csv,f100r.csv,m1.csv,m1r.csv,x1.csv,x100.csv,x100r.csv,x1r.csv	P	f_p
bh3_0125	GQWIREICAFLRRFADITNAQV	f100.csv,f100r.csv,m1.csv,m1r.csv,x1.csv,x1r.csv	P	f_p
bh3_0126	GQWIREICAFLRRGADLLNAQI	f100.csv,f100r.csv,m1.csv,m1r.csv,x1.csv,x100.csv,x100r.csv,x1r.csv	P	f_p
bh3_0127	GQWIREICAFLRRTADILNAQI	f100.csv,f100r.csv,m1.csv,m1r.csv,x1.csv,x100r.csv,x1r.csv	P	f_p
bh3_0128	GQWIREICAILRRSADVVNAQA	f100.csv,f100r.csv,m1.csv,m1r.csv,x100.csv,x100r.csv,x1r.csv	P	f_p
bh3_0129	GQWIREICAILRRTADVVNAQS	f100.csv,f100r.csv,m1.csv,m1r.csv,x1.csv,x100r.csv,x1r.csv	P	f_p
bh3_0130	GQWIREICANLRRIADNVNAQA	f100.csv,f100r.csv,m1.csv,m1r.csv,x100.csv,x100r.csv	P	f_p
bh3_0131	GQWIREICARLRRSADHSNAQL	f100.csv,f100r.csv,m1.csv,m1r.csv,x100.csv,x100r.csv,x1r.csv	P	f_p
bh3_0132	GQWIREICASLRRFADNNNAQT	f100.csv,f100r.csv,m1.csv,m1r.csv,x1.csv,x100.csv,x100r.csv,x1r.csv	P	f_p
bh3_0133	GQWIREICASLRRLADLYNAQL	f100.csv,f100r.csv,m1.csv,m1r.csv,x1.csv,x100r.csv,x1r.csv	P	f_p
bh3_0134	GQWIREICAVLRRIADNFNAQF	f100.csv,f100r.csv,m1.csv,m1r.csv,x1.csv,x100.csv,x100r.csv,x1r.csv	P	f_p
bh3_0135	GQWIREICAYLRRFADLLNAQF	f100.csv,f100r.csv,m1.csv,x100.csv,x100r.csv,x1r.csv	P	f_p
bh3_0136	GQWIREIDAHLRRCADVINAQV	f100.csv,f100r.csv,m1.csv,m1r.csv,x100.csv,x100r.csv,x1r.csv	P	f_p
bh3_0137	GQWIREIDANLRRCADLVNAQV	f100.csv,f100r.csv,m1.csv,m1r.csv,x100.csv,x100r.csv,x1r.csv	P	f_p
bh3_0138	GQWIREIGAFLRRIADLLNAQL	f100.csv,f100r.csv,m1.csv,m1r.csv,x1.csv,x100r.csv,x1r.csv	P	f_p
bh3_0139	GQWIREIGAFLRRVADKFNAQP	f100.csv,f100r.csv,m1.csv,m1r.csv,x1.csv,x100r.csv,x1r.csv	P	f_p
bh3_0140	GQWIREIGAGLRRLADMNNAQI	f100.csv,f100r.csv,m1.csv,m1r.csv,x1.csv,x100.csv,x100r.csv,x1r.csv	P	f_p
bh3_0141	GQWIREIGALLRRIADMFNAQF	f100.csv,f100r.csv,m1.csv,m1r.csv,x1.csv,x100r.csv,x1r.csv	P	f_p
bh3_0142	GQWIREIGALLRRIADVLNAQL	f100.csv,m1.csv,m1r.csv,x1.csv,x100r.csv,x1r.csv	P	f_p
bh3_0143	GQWIREIGAQLARHGDDLLEQG	f100.csv,m1.csv,m1r.csv,x100.csv,x100r.csv,x1r.csv	P	x_p
bh3_0144	GQWIREIGAQLIRCADDLPTQC	f100.csv,m1.csv,m1r.csv,x100.csv,x100r.csv,x1r.csv	P	x_p
bh3_0145	GQWIREIGAQLIRFADDLIAQP	f100.csv,f100r.csv,m1.csv,m1r.csv,x100.csv,x100r.csv,x1r.csv	P	x_p
bh3_0146	GQWIREIGASLRRIADLPNAQT	f100.csv,f100r.csv,m1.csv,m1r.csv,x100.csv,x100r.csv,x1r.csv	P	f_p
bh3_0147	GQWIREISACLRRIADDYNAQF	f100.csv,f100r.csv,m1.csv,m1r.csv,x1.csv,x100.csv,x100r.csv,x1r.csv	P	f_p
bh3_0148	GQWIREISACLRRIADLYNAQV	f100.csv,f100r.csv,m1.csv,m1r.csv,x1.csv,x1r.csv	P	f_p
bh3_0149	GQWIREISACLRRLADDPNAQP	f100.csv,m1.csv,m1r.csv,x100.csv,x100r.csv	P	f_p
bh3_0150	GQWIREISAFLRRCADVTNAQI	f100.csv,f100r.csv,m1.csv,m1r.csv,x1.csv,x100.csv,x100r.csv,x1r.csv	P	f_p
bh3_0151	GQWIREISAFLRRGADKYNAQS	f100.csv,f100r.csv,m1.csv,m1r.csv,x1.csv,x100r.csv,x1r.csv	P	f_p
bh3_0152	GQWIREISAFLRRIADVFNAQF	f100.csv,m1.csv,m1r.csv,x1.csv,x1r.csv	P	f_p
bh3_0153	GQWIREISAGLRRLADEDNAQV	f100.csv,f100r.csv,m1.csv,x1.csv	P	f_p
bh3_0154	GQWIREISAHLRRAADNLNAQV	f100.csv,f100r.csv,m1.csv,m1r.csv,x100.csv,x100r.csv,x1r.csv	P	f_p
bh3_0155	GQWIREISALLRRFADVLNAQV	f100.csv,m1.csv,m1r.csv,x1.csv,x1r.csv	P	f_p
bh3_0156	GQWIREIYADLRRVADMINAQP	f100.csv,f100r.csv,m1.csv,m1r.csv,x100.csv,x100r.csv,x1r.csv	P	f_p
bh3_0157	GQWIREIYAFLRRCADVVNAQF	f100.csv,f100r.csv,m1.csv,x1.csv,x100r.csv	P	f_p
bh3_0158	GQWIREIYAILRRFADDFNAQF	f100.csv,f100r.csv,m1.csv,m1r.csv,x1.csv,x100.csv,x100r.csv,x1r.csv	P	f_p
bh3_0159	GQWIREIYASLRRVADNYNAQF	f100.csv,f100r.csv,m1.csv,m1r.csv,x1.csv,x1r.csv	P	f_p
bh3_0160	GQWIRELGAQLARAADDLHKQT	f100.csv,f100r.csv,m1.csv,x1.csv,x100r.csv,x1r.csv	P	x_p
bh3_0161	GQWIRELGAQLARGGDDLDKQG	f100.csv,f100r.csv,m1.csv,m1r.csv,x100.csv,x100r.csv,x1r.csv	P	x_p
bh3_0162	GQWIRELGAQLARSGDDLTKQH	f100.csv,m1.csv,m1r.csv,x1.csv,x100.csv,x100r.csv	P	x_p
bh3_0163	GQWIRELGAQLIRIADDLVKQP	f100.csv,m1.csv,m1r.csv,x1.csv,x1r.csv	P	x_p
bh3_0164	GQWIREVGAQLRRYGDDLPTQS	f100.csv,f100r.csv,m1.csv,m1r.csv,x100.csv,x100r.csv,x1r.csv	P	x_p
bh3_0165	GQWKREFGAQLTRSADDLVEQT	f100.csv,f100r.csv,m1.csv,m1r.csv,x100.csv,x100r.csv,x1r.csv	P	x_p
bh3_0166	GQWKREICANLRRFADHSNAQF	f100.csv,m1.csv,m1r.csv,x1.csv,x100.csv,x100r.csv,x1r.csv	P	f_p
bh3_0167	GQWKREICAYLRRIADILNAQF	f100.csv,f100r.csv,m1.csv,m1r.csv,x1.csv,x100.csv,x100r.csv,x1r.csv	P	f_p
bh3_0168	GQWKREISAYLRRIADVDNAQT	f100.csv,f100r.csv,m1.csv,m1r.csv,x1.csv,x100r.csv,x1r.csv	P	f_p
bh3_0169	GQWKREIYAILRRVADVLNAQI	f100.csv,f100r.csv,m1.csv,x1.csv,x100r.csv,x1r.csv	P	f_p
bh3_0170	GQWKREIYAYLRRIADVLNAQT	f100.csv,f100r.csv,m1.csv,x100.csv,x100r.csv,x1r.csv	P	f_p
bh3_0171	GQWLREFGAQLARCGDDLNKQS	f100.csv,f100r.csv,m1.csv,m1r.csv,x1.csv,x1r.csv	P	x_p
bh3_0172	GQWLREFGAQLARTGDDLNKQS	f100.csv,f100r.csv,m1.csv,x1.csv,x100r.csv,x1r.csv	P	x_p
bh3_0173	GQWLREFGAQLGRIADDLDKQS	f100.csv,f100r.csv,m1.csv,m1r.csv,x1.csv,x100r.csv,x1r.csv	P	x_p
bh3_0174	GQWLREFGAQLRRVGDDLVTQS	f100.csv,f100r.csv,m1.csv,m1r.csv,x1.csv,x100.csv,x100r.csv,x1r.csv	P	x_p
bh3_0175	GQWLREFGAQLVRCGDDLIEQS	f100.csv,f100r.csv,m1.csv,m1r.csv,x100.csv,x100r.csv,x1r.csv	P	x_p
bh3_0176	GQWLREFGAQLVRIADDLITQH	f100.csv,f100r.csv,m1.csv,x1.csv,x100.csv,x100r.csv,x1r.csv	P	x_p
bh3_0177	GQWLREIAACLRRAADMFNAQF	f100.csv,f100r.csv,m1.csv,x1.csv,x100r.csv	P	f_p
bh3_0178	GQWLREIAAFLRRSADLLNAQL	f100.csv,f100r.csv,m1.csv,m1r.csv,x1.csv,x1r.csv	P	f_p
bh3_0179	GQWLREIAAGLRRGADEVNAQA	f100.csv,f100r.csv,m1.csv,m1r.csv,x100.csv,x100r.csv,x1r.csv	P	f_p
bh3_0180	GQWLREIAANLRRAADKINAQV	f100.csv,m1.csv,x1.csv,x1r.csv	P	f_p
bh3_0181	GQWLREIAAYLRRAADVANAQI	f100.csv,f100r.csv,m1.csv,m1r.csv,x100.csv,x100r.csv,x1r.csv	P	f_p
bh3_0182	GQWLREIAAYLRRIADIYNAQA	f100.csv,m1.csv,m1r.csv,x1.csv,x100r.csv,x1r.csv	P	f_p
bh3_0183	GQWLREIAAYLRRVADVLNAQS	f100.csv,f100r.csv,m1.csv,m1r.csv,x1.csv,x100r.csv,x1r.csv	P	f_p
bh3_0184	GQWLREICAILRRLADDVNAQF	f100.csv,f100r.csv,m1.csv,m1r.csv,x1.csv,x100.csv,x100r.csv,x1r.csv	P	f_p
bh3_0185	GQWLREICAVLRRAADLFNAQI	f100.csv,f100r.csv,m1.csv,m1r.csv,x1.csv,x100r.csv,x1r.csv	P	f_p
bh3_0186	GQWLREICAVLRRGADMVNAQS	f100.csv,f100r.csv,m1.csv,m1r.csv,x1.csv	P	f_p
bh3_0187	GQWLREICAVLRRGADVFNAQV	f100.csv,f100r.csv,m1.csv,m1r.csv,x100.csv,x100r.csv,x1r.csv	P	f_p
bh3_0188	GQWLREICAYLRRTADDPNAQA	f100.csv,f100r.csv,m1.csv,m1r.csv,x100.csv,x100r.csv,x1r.csv	P	f_p
bh3_0189	GQWLREICAYLRRTADILNAQF	f100.csv,f100r.csv,m1.csv,m1r.csv,x1.csv,x100.csv,x100r.csv,x1r.csv	P	f_p
bh3_0190	GQWLREIDACLRRVADDINAQF	f100.csv,f100r.csv,m1.csv,m1r.csv,x100.csv,x100r.csv,x1r.csv	P	f_p
bh3_0191	GQWLREIGACLRRSADHSNAQS	f100.csv,f100r.csv,m1.csv,m1r.csv,x1.csv,x100.csv,x100r.csv,x1r.csv	P	f_p
bh3_0192	GQWLREIGAFLRRFADEVNAQF	f100.csv,f100r.csv,m1.csv,m1r.csv,x1.csv,x100.csv,x100r.csv,x1r.csv	P	f_p
bh3_0193	GQWLREIGAGLRRVADMVNAQL	f100.csv,f100r.csv,m1.csv,x1.csv,x100r.csv,x1r.csv	P	f_p
bh3_0194	GQWLREIGANLRRAADVHNAQA	f100.csv,f100r.csv,m1.csv,m1r.csv,x100.csv,x100r.csv,x1r.csv	P	f_p
bh3_0195	GQWLREIGAQLARYADDLDTQS	f100.csv,m1.csv,x100.csv,x1r.csv	P	x_p
bh3_0196	GQWLREIGAQLGRLGDDLIAQA	f100.csv,m1.csv,m1r.csv,x1.csv,x1r.csv	P	x_p
bh3_0197	GQWLREIGAQLIRIGDDLLAQP	f100.csv,f100r.csv,m1.csv,m1r.csv,x1.csv,x100.csv,x100r.csv,x1r.csv	P	x_p
bh3_0198	GQWLREIGAQLRRIADDLIEQC	f100.csv,f100r.csv,m1.csv,m1r.csv,x1.csv,x100r.csv,x1r.csv	P	x_p
bh3_0199	GQWLREIGAQLRRYGDDLLKQC	f100.csv,f100r.csv,m1.csv,m1r.csv,x1.csv,x100.csv,x100r.csv,x1r.csv	P	x_p
bh3_0200	GQWLREIGAQLVRAADDLHTQC	f100.csv,f100r.csv,m1.csv,x100.csv,x1r.csv	P	x_p
bh3_0201	GQWLREIGAQLVRIADDLITQH	f100.csv,f100r.csv,m1.csv,m1r.csv,x1.csv,x100r.csv,x1r.csv	P	x_p
bh3_0202	GQWLREIGAYLRRAADELNAQT	f100.csv,f100r.csv,m1.csv,m1r.csv,x1.csv,x100r.csv,x1r.csv	P	f_p
bh3_0203	GQWLREIGAYLRRLADEANAQV	f100.csv,m1.csv,m1r.csv,x1.csv,x100r.csv,x1r.csv	P	f_p
bh3_0204	GQWLREISACLRRIADQYNAQL	f100.csv,f100r.csv,m1.csv,m1r.csv,x1.csv,x100.csv,x100r.csv,x1r.csv	P	f_p
bh3_0205	GQWLREISAGLRRVADEYNAQS	f100.csv,f100r.csv,m1.csv,m1r.csv,x1.csv,x100r.csv,x1r.csv	P	f_p
bh3_0206	GQWLREISARLRRLADLVNAQI	f100.csv,f100r.csv,m1.csv,x1.csv,x100r.csv,x1r.csv	P	f_p
bh3_0207	GQWLREISAYLRRLADVYNAQA	f100.csv,f100r.csv,m1.csv,m1r.csv,x1.csv,x100.csv,x100r.csv,x1r.csv	P	f_p
bh3_0208	GQWLREIYACLRRLADDDNAQS	f100.csv,m1.csv,x1.csv,x100r.csv	P	f_p
bh3_0209	GQWLREIYAFLRRAADNHNAQT	f100.csv,f100r.csv,m1.csv,m1r.csv,x100.csv,x100r.csv,x1r.csv	P	f_p
bh3_0210	GQWLREIYAFLRRVADHFNAQL	f100.csv,f100r.csv,m1.csv,x1.csv,x1r.csv	P	f_p
bh3_0211	GQWLREIYANLRRIADVDNAQF	f100.csv,f100r.csv,m1.csv,x100.csv,x1r.csv	P	f_p
bh3_0212	GQWLRELGAQLGRIADDLTKQH	f100.csv,f100r.csv,m1.csv,x1.csv,x100r.csv,x1r.csv	P	x_p
bh3_0213	GQWLRELGAQLIRIADDLDEQS	f100.csv,f100r.csv,m1.csv,m1r.csv,x1.csv,x100.csv,x100r.csv,x1r.csv	P	x_p
bh3_0214	GQWLRELGAQLIRVGDDLVTQT	f100.csv,f100r.csv,m1.csv,m1r.csv,x100.csv,x100r.csv,x1r.csv	P	x_p
bh3_0215	GQWLRELGAQLVRTGDDLITQN	f100.csv,f100r.csv,m1.csv,m1r.csv,x100.csv,x100r.csv,x1r.csv	P	x_p
bh3_0216	GQWLRENGAQLGRFADDLPEQR	f100.csv,f100r.csv,m1.csv,m1r.csv,x1.csv,x100.csv,x100r.csv	P	x_p
bh3_0217	GQWLREVGAQLIRCGDDLTAQG	f100.csv,f100r.csv,m1.csv,x1.csv,x100.csv,x100r.csv,x1r.csv	P	x_p
bh3_0218	GQWLREVGAQLIRIGDDLNTQS	f100.csv,f100r.csv,m1.csv,m1r.csv,x1.csv,x1r.csv	P	x_p
bh3_0219	GQWLREYGAQLARYADDLNAQA	f100.csv,f100r.csv,m1.csv,m1r.csv,x1.csv,x1r.csv	P	x_p
bh3_0220	GQWMREFGAQLARIGDDLVKQS	f100.csv,m1.csv,m1r.csv,x1.csv,x100r.csv,x1r.csv	P	x_p
bh3_0221	GQWMREFGAQLARLGDDLAEQT	f100.csv,m1.csv,m1r.csv,x1.csv,x100r.csv,x1r.csv	P	x_p
bh3_0222	GQWMREFGAQLRRLADDLDAQY	f100.csv,m1.csv,m1r.csv,x1.csv,x1r.csv	P	x_p
bh3_0223	GQWMREFGAQLRRLADDLVTQR	f100.csv,f100r.csv,m1.csv,m1r.csv,x1.csv,x100r.csv,x1r.csv	P	x_p
bh3_0224	GQWMREFGAQLRRYADDLLAQT	f100.csv,f100r.csv,m1.csv,m1r.csv,x1.csv,x100.csv,x100r.csv,x1r.csv	P	x_p
bh3_0225	GQWMREHGAQLGRVADDLITQC	f100.csv,f100r.csv,m1.csv,m1r.csv,x1.csv,x100r.csv,x1r.csv	P	x_p
bh3_0226	GQWMREHGAQLRRIADDLNKQG	f100.csv,f100r.csv,m1.csv,m1r.csv,x1.csv,x100r.csv,x1r.csv	P	x_p
bh3_0227	GQWMREIGAQLARAGDDLVKQS	f100.csv,m1.csv,m1r.csv,x100.csv,x100r.csv,x1r.csv	P	x_p
bh3_0228	GQWMRELGAQLIRFGDDLVAQY	f100.csv,f100r.csv,m1.csv,m1r.csv,x100.csv,x100r.csv,x1r.csv	P	x_p
bh3_0229	GQWMRELGAQLVRIADDLAKQA	f100.csv,f100r.csv,m1.csv,m1r.csv,x1.csv,x100r.csv,x1r.csv	P	x_p
bh3_0230	GQWMREVGAQLRRAGDDLITQP	f100.csv,f100r.csv,m1.csv,x1.csv,x100r.csv,x1r.csv	P	x_p
bh3_0231	GQWMREVGAQLRRIGDDLIKQS	f100.csv,m1.csv,m1r.csv,x1.csv,x100r.csv,x1r.csv	P	x_p
bh3_0232	GQWMREVGAQLVRTGDDLDKQN	f100.csv,f100r.csv,m1.csv,m1r.csv,x100.csv,x100r.csv,x1r.csv	P	x_p
bh3_0233	GQWMREYGAQLVRCGDDLTKQY	f100.csv,f100r.csv,m1.csv,x100.csv,x100r.csv,x1r.csv	P	x_p
bh3_0234	GQWNREFGAQLGRVGDDLIAQN	f100.csv,f100r.csv,m1.csv,m1r.csv,x100.csv,x100r.csv,x1r.csv	P	x_p
bh3_0235	GQWNREFGAQLIRIADDLTAQC	f100.csv,f100r.csv,m1.csv,m1r.csv,x1.csv,x1r.csv	P	x_p
bh3_0236	GQWNREFGAQLRRAADDLAEQY	f100.csv,f100r.csv,m1.csv,m1r.csv,x1.csv,x100.csv,x100r.csv,x1r.csv	P	x_p
bh3_0237	GQWNREFGAQLVRIGDDLNTQS	f100.csv,f100r.csv,m1.csv,m1r.csv,x100.csv,x100r.csv,x1r.csv	P	x_p
bh3_0238	GQWNREYGAQLGRVADDLITQY	f100.csv,f100r.csv,m1.csv,m1r.csv,x100.csv,x100r.csv,x1r.csv	P	x_p
bh3_0239	GQWNREYGAQLIRAADDLITQS	f100.csv,f100r.csv,m1.csv,m1r.csv,x100.csv,x100r.csv,x1r.csv	P	x_p
bh3_0240	GQWNREYGAQLIRIADDLIEQN	f100.csv,m1.csv,x100.csv,x1r.csv	P	x_p
bh3_0241	GQWNREYGAQLIRTGDDLVAQD	f100.csv,f100r.csv,m1.csv,m1r.csv,x100.csv,x100r.csv,x1r.csv	P	x_p
bh3_0242	GQWQREFGAQLTRAADDLNEQR	f100.csv,f100r.csv,m1.csv,x100.csv,x100r.csv	P	x_p
bh3_0243	GQWQREICAFLRRTADVFNAQV	f100.csv,f100r.csv,m1.csv,m1r.csv,x100.csv,x100r.csv,x1r.csv	P	f_p
bh3_0244	GQWQREICAGLRRAADHHNAQP	f100.csv,f100r.csv,m1.csv,x1.csv,x100.csv,x100r.csv,x1r.csv	P	f_p
bh3_0245	GQWQREIGAILRRIADNVNAQF	f100.csv,f100r.csv,m1.csv,m1r.csv,x1.csv,x100.csv,x1r.csv	P	f_p
bh3_0246	GQWQREIGALLRRSADNINAQF	f100.csv,m1.csv,m1r.csv,x1.csv,x100r.csv,x1r.csv	P	f_p
bh3_0247	GQWQREIGAQLARLGDDLVAQS	f100.csv,m1.csv,m1r.csv,x1.csv,x100r.csv,x1r.csv	P	x_p
bh3_0248	GQWQREIGAYLRRIADVINAQF	f100.csv,f100r.csv,m1.csv,m1r.csv,x1.csv,x100.csv,x100r.csv,x1r.csv	P	f_p
bh3_0249	GQWQREIYAYLRRTADEVNAQF	f100.csv,m1.csv,m1r.csv,x1.csv,x100.csv,x1r.csv	P	f_p
bh3_0250	GQWQRELGAQLIRLGDDLVKQS	f100.csv,f100r.csv,m1.csv,m1r.csv,x100.csv,x100r.csv,x1r.csv	P	x_p
bh3_0251	GQWQRELGAQLIRYGDDLHAQG	f100.csv,f100r.csv,m1.csv,x1.csv,x100r.csv,x1r.csv	P	x_p
bh3_0252	GQWQRELGAQLVRYGDDLLAQH	f100.csv,f100r.csv,m1.csv,m1r.csv,x100.csv,x100r.csv,x1r.csv	P	x_p
bh3_0253	GQWQREVGAQLIRFGDDLNEQS	f100.csv,f100r.csv,m1.csv,x100.csv	P	x_p
bh3_0254	GQWQREVGAQLVRYGDDLITQC	f100.csv,f100r.csv,m1.csv,m1r.csv,x100.csv,x100r.csv	P	x_p
bh3_0255	GQWTREIAACLRRFADLTNAQI	f100.csv,f100r.csv,m1.csv,m1r.csv,x1.csv,x100r.csv,x1r.csv	P	f_p
bh3_0256	GQWTREIAACLRRVADLINAQA	f100.csv,m1.csv,m1r.csv,x1.csv,x100.csv,x100r.csv,x1r.csv	P	f_p
bh3_0257	GQWTREIAAFLRRLADQYNAQV	f100.csv,m1.csv,m1r.csv,x1.csv,x100.csv,x100r.csv,x1r.csv	P	f_p
bh3_0258	GQWTREIAAFLRRPADVDNAQS	f100.csv,f100r.csv,m1.csv,m1r.csv,x100.csv,x100r.csv,x1r.csv	P	f_p
bh3_0259	GQWTREIAAILRRIADDYNAQV	f100.csv,f100r.csv,m1.csv,m1r.csv,x1.csv,x100.csv,x100r.csv	P	f_p
bh3_0260	GQWTREIAALLRRLADIVNAQI	f100.csv,f100r.csv,m1.csv,m1r.csv,x1.csv,x100r.csv,x1r.csv	P	f_p
bh3_0261	GQWTREICAILRRTADIINAQT	f100.csv,f100r.csv,m1.csv,x1.csv	P	f_p
bh3_0262	GQWTREICASLRRSADVVNAQF	f100.csv,f100r.csv,m1.csv,m1r.csv,x100.csv,x100r.csv,x1r.csv	P	f_p
bh3_0263	GQWTREICAYLRRVADVANAQA	f100.csv,f100r.csv,m1.csv,m1r.csv,x100.csv,x100r.csv,x1r.csv	P	f_p
bh3_0264	GQWTREIDAFLRRFADVINAQF	f100.csv,f100r.csv,m1.csv,x1.csv,x100.csv,x100r.csv,x1r.csv	P	f_p
bh3_0265	GQWTREISACLRRFADNDNAQP	f100.csv,f100r.csv,m1.csv,m1r.csv,x100.csv	P	f_p
bh3_0266	GQWTREISADLRRIADLFNAQS	f100.csv,f100r.csv,m1.csv,m1r.csv,x100.csv,x100r.csv,x1r.csv	P	f_p
bh3_0267	GQWTREISAFLRRLADDSNAQA	f100.csv,f100r.csv,m1.csv,m1r.csv,x1.csv,x100r.csv,x1r.csv	P	f_p
bh3_0268	GQWTREISAILRRCADLLNAQI	f100.csv,f100r.csv,m1.csv,m1r.csv,x100.csv,x1r.csv	P	f_p
bh3_0269	GQWTREIYAFLRRLADKVNAQV	f100.csv,f100r.csv,m1.csv,m1r.csv,x1.csv	P	f_p
bh3_0270	GQWTREIYAILRRIADHNNAQV	f100.csv,f100r.csv,m1.csv,m1r.csv,x1.csv,x100.csv,x100r.csv,x1r.csv	P	f_p
bh3_0271	GQWTREIYASLRRGADLLNAQP	f100.csv,f100r.csv,m1.csv,m1r.csv,x100.csv,x100r.csv,x1r.csv	P	f_p
bh3_0272	GQWTREIYAVLRRLADMPNAQF	f100.csv,f100r.csv,m1.csv,m1r.csv,x100.csv,x100r.csv,x1r.csv	P	f_p
bh3_0273	GQWVREFGAQLARFADDLTEQR	f100.csv,f100r.csv,m1.csv,m1r.csv,x1.csv,x100r.csv,x1r.csv	P	x_p
bh3_0274	GQWVREFGAQLARVGDDLPAQS	f100.csv,f100r.csv,m1.csv,m1r.csv,x100.csv,x100r.csv,x1r.csv	P	x_p
bh3_0275	GQWVREFGAQLGRYGDDLNAQY	f100.csv,m1.csv,m1r.csv,x1.csv,x100r.csv,x1r.csv	P	x_p
bh3_0276	GQWVREFGAQLRRIGDDLPKQC	f100.csv,f100r.csv,m1.csv,m1r.csv,x100.csv,x1r.csv	P	x_p
bh3_0277	GQWVREIAACLRRIADVINAQF	f100.csv,f100r.csv,m1.csv,m1r.csv,x1.csv,x100r.csv,x1r.csv	P	f_p
bh3_0278	GQWVREIAAHLRRFADQYNAQT	f100.csv,f100r.csv,m1.csv,m1r.csv,x1.csv,x100.csv,x1r.csv	P	f_p
bh3_0279	GQWVREIAAILRRFADVVNAQI	f100.csv,m1.csv,m1r.csv,x100.csv,x100r.csv,x1r.csv	P	f_p
bh3_0280	GQWVREIAARLRRLADDANAQA	f100.csv,f100r.csv,m1.csv,m1r.csv,x1.csv,x100r.csv,x1r.csv	P	f_p
bh3_0281	GQWVREIAASLRRAADLINAQL	f100.csv,m1.csv,m1r.csv,x1.csv,x100.csv,x1r.csv	P	f_p
bh3_0282	GQWVREIAAYLRRIADLLNAQV	f100.csv,m1.csv,m1r.csv,x1.csv,x100.csv,x100r.csv,x1r.csv	P	f_p
bh3_0283	GQWVREICAGLRRSADLFNAQA	f100.csv,f100r.csv,m1.csv,m1r.csv,x100.csv,x100r.csv,x1r.csv	P	f_p
bh3_0284	GQWVREICALLRRFADLYNAQL	f100.csv,f100r.csv,m1.csv,m1r.csv,x1.csv,x100.csv,x100r.csv,x1r.csv	P	f_p
bh3_0285	GQWVREIDASLRRVADVSNAQF	f100.csv,f100r.csv,m1.csv,m1r.csv,x100.csv,x100r.csv,x1r.csv	P	f_p
bh3_0286	GQWVREIDAVLRRFADLFNAQS	f100.csv,f100r.csv,m1.csv,m1r.csv,x100.csv,x100r.csv,x1r.csv	P	f_p
bh3_0287	GQWVREIGADLRRIADVFNAQF	f100.csv,m1.csv,m1r.csv,x1.csv,x100r.csv,x1r.csv	P	f_p
bh3_0288	GQWVREIGAQLGRIGDDLHKQH	f100.csv,m1.csv,m1r.csv,x1.csv,x100.csv,x100r.csv,x1r.csv	P	x_p
bh3_0289	GQWVREIGAQLRRCGDDLVEQA	f100.csv,f100r.csv,m1.csv,m1r.csv,x100.csv,x100r.csv,x1r.csv	P	x_p
bh3_0290	GQWVREIGAQLRRFGDDLAEQC	f100.csv,m1.csv,m1r.csv,x1.csv,x100r.csv,x1r.csv	P	x_p
bh3_0291	GQWVREIGAVLRRLADLVNAQV	f100.csv,f100r.csv,m1.csv,m1r.csv,x100.csv,x100r.csv,x1r.csv	P	f_p
bh3_0292	GQWVREIGAVLRRVADLYNAQF	f100.csv,f100r.csv,m1.csv,m1r.csv,x100.csv,x100r.csv,x1r.csv	P	f_p
bh3_0293	GQWVREIGAYLRRLADDVNAQF	f100.csv,m1.csv,m1r.csv,x1.csv,x100.csv,x100r.csv,x1r.csv	P	f_p
bh3_0294	GQWVREISAYLRRGADELNAQF	f100.csv,f100r.csv,m1.csv,m1r.csv,x100.csv,x100r.csv,x1r.csv	P	f_p
bh3_0295	GQWVREISAYLRRIADIINAQF	f100.csv,m1.csv,m1r.csv,x1.csv,x100.csv,x100r.csv,x1r.csv	P	f_p
bh3_0296	GQWVREISAYLRRIADMFNAQV	f100.csv,m1.csv,x1.csv,x100r.csv,x1r.csv	P	f_p
bh3_0297	GQWVREISAYLRRLADNINAQA	f100.csv,m1.csv,x1.csv,x100.csv,x100r.csv,x1r.csv	P	f_p
bh3_0298	GQWVREIYACLRRCADLSNAQA	f100.csv,f100r.csv,m1.csv,m1r.csv,x1.csv,x100r.csv,x1r.csv	P	f_p
bh3_0299	GQWVREIYADLRRVADIFNAQP	f100.csv,f100r.csv,m1.csv,m1r.csv,x1.csv,x100.csv,x100r.csv,x1r.csv	P	f_p
bh3_0300	GQWVREIYAFLRRIADHLNAQL	f100.csv,f100r.csv,m1.csv,m1r.csv,x100.csv,x100r.csv,x1r.csv	P	f_p
bh3_0301	GQWVREIYAHLRRCADLINAQV	f100.csv,f100r.csv,m1.csv,m1r.csv,x100.csv,x100r.csv,x1r.csv	P	f_p
bh3_0302	GQWVREIYALLRRVADQLNAQI	f100.csv,m1.csv,m1r.csv,x100.csv,x100r.csv,x1r.csv	P	f_p
bh3_0303	GQWVREIYANLRRFADVVNAQF	f100.csv,f100r.csv,m1.csv,m1r.csv,x1.csv,x100.csv,x1r.csv	P	f_p
bh3_0304	GQWVREIYAYLRRCADELNAQL	f100.csv,f100r.csv,m1.csv,m1r.csv,x1.csv,x100r.csv,x1r.csv	P	f_p
bh3_0305	GQWVRELGAQLIRIGDDLDAQT	f100.csv,f100r.csv,m1.csv,m1r.csv,x1.csv,x100r.csv,x1r.csv	P	x_p
bh3_0306	GQWVRELGAQLTRFADDLNTQA	f100.csv,f100r.csv,m1.csv,m1r.csv,x100.csv,x100r.csv,x1r.csv	P	x_p
bh3_0307	GQWVRELGAQLVRNGDDLDEQC	f100.csv,f100r.csv,m1.csv,m1r.csv,x100.csv,x100r.csv	P	x_p
bh3_0308	GQWVRENGAQLVRIGDDLDAQY	f100.csv,m1.csv,x100.csv,x100r.csv,x1r.csv	P	x_p
bh3_0309	GQWVREVGAQLARAADDLLEQC	f100.csv,m1.csv,m1r.csv,x100.csv,x100r.csv,x1r.csv	P	x_p
bh3_0310	GQWVREVGAQLARIADDLNAQS	f100.csv,f100r.csv,m1.csv,x1.csv,x100r.csv,x1r.csv	P	x_p
bh3_0311	GQWVREVGAQLTRAGDDLHTQS	f100.csv,f100r.csv,m1.csv,m1r.csv,x100.csv,x100r.csv,x1r.csv	P	x_p
bh3_0312	GQWVREVGAQLTRVGDDLIEQT	f100.csv,f100r.csv,m1.csv,m1r.csv,x100.csv,x1r.csv	P	x_p
bh3_0313	GQWVREYGAQLVRIADDLDAQS	f100.csv,f100r.csv,m1.csv,m1r.csv,x1.csv,x100r.csv,x1r.csv	P	x_p
bh3_0314	GRAECHIIQELRRIGDESKAYY	f100.csv,f100r.csv,m1.csv,x1.csv,x1r.csv	B	m_b
bh3_0315	GRAECHTGQELTRIGDEVNAYY	f100.csv,f100r.csv,m1.csv,m1r.csv,x1.csv,x100.csv,x100r.csv,x1r.csv	B	m_b
bh3_0316	GRAEFDIVQELRRIGDEVEAYY	f100.csv,m1.csv,m1r.csv,x1.csv,x100.csv,x100r.csv,x1r.csv	B	m_b
bh3_0317	GRAEFDTIQELIRIGDELDAYY	f100.csv,f100r.csv,m1.csv,m1r.csv,x1.csv,x100.csv,x100r.csv,x1r.csv	B	m_b
bh3_0318	GRAEFQAIQELVRIGDEHEAYY	f100.csv,f100r.csv,m1.csv,m1r.csv,x1.csv,x100.csv,x100r.csv,x1r.csv	B	m_b
bh3_0319	GRAELQVGQELKRIGDEVDAYY	f100.csv,f100r.csv,m1.csv,m1r.csv,x1.csv,x100r.csv,x1r.csv	B	m_b
bh3_0320	GRAERHVVQELVRIGDEVEAYY	f100.csv,f100r.csv,m1.csv,m1r.csv,x1.csv,x100.csv,x100r.csv,x1r.csv	B	m_b
bh3_0321	GRAESEIVQELARIGDETQAYY	f100.csv,f100r.csv,m1.csv,m1r.csv,x1.csv	B	m_b
bh3_0322	GRAEVHIAQELGRIGDEVNAYY	f100.csv,f100r.csv,m1.csv,m1r.csv,x1.csv,x100r.csv	B	m_b
bh3_0323	GRGEADTAQELVRIGDEVQAYY	f100.csv,f100r.csv,m1.csv,m1r.csv,x1.csv,x100.csv,x100r.csv,x1r.csv	B	m_b
bh3_0324	GRGECDIIQELVRIGDEDHAYY	f100.csv,f100r.csv,m1.csv,m1r.csv,x1.csv,x1r.csv	B	m_b
bh3_0325	GRGECDTIQELRRIGDEVHAYY	f100.csv,f100r.csv,m1.csv,m1r.csv,x1.csv,x100r.csv,x1r.csv	B	m_b
bh3_0326	GRGECHISQELKRIGDEHHAYY	f100.csv,f100r.csv,m1.csv,m1r.csv,x1.csv,x100r.csv	B	m_b
bh3_0327	GRGECHIVQELERIGDESEAYY	f100.csv,f100r.csv,m1.csv,m1r.csv,x1.csv,x100.csv,x100r.csv,x1r.csv	B	m_b
bh3_0328	GRGECHVIQELIRIGDELKAYY	f100.csv,f100r.csv,m1.csv,m1r.csv,x1.csv,x100r.csv	B	m_b
bh3_0329	GRGECHVVQELARIGDEVKAYY	f100.csv,f100r.csv,m1.csv,m1r.csv,x1.csv,x100.csv,x1r.csv	B	m_b
bh3_0330	GRGEFDIAQELVRIGDENDAYY	f100.csv,f100r.csv,m1.csv,m1r.csv,x1.csv,x100.csv,x100r.csv,x1r.csv	B	m_b
bh3_0331	GRGEFDIIQELGRIGDEHEAYY	f100.csv,m1.csv,m1r.csv,x1.csv	B	m_b
bh3_0332	GRGELQTSQELKRIGDEIDAYY	f100.csv,f100r.csv,m1.csv,m1r.csv,x1.csv,x100r.csv,x1r.csv	B	m_b
bh3_0333	GRGELQVAQELVRIGDELHAYY	f100.csv,m1.csv,m1r.csv,x1.csv,x100.csv,x100r.csv,x1r.csv	B	m_b
bh3_0334	GRGEPEIGQELVRIGDEHDAYY	f100.csv,f100r.csv,m1.csv,m1r.csv,x1.csv,x100.csv,x100r.csv,x1r.csv	B	m_b
bh3_0335	GRGERQTAQELRRIGDEVNAYY	f100.csv,f100r.csv,m1.csv,m1r.csv,x1.csv,x100.csv	B	m_b
bh3_0336	GRGEVEIIQELKRIGDEIQAYY	f100.csv,f100r.csv,m1.csv,m1r.csv,x1.csv,x1r.csv	B	m_b
bh3_0337	GRGEVEVSQELERIGDEHEAYY	f100.csv,m1.csv,m1r.csv,x1.csv	B	m_b
bh3_0338	GRGEYDIAQELVRIGDEPNAYY	f100.csv,m1.csv,m1r.csv,x1.csv,x100.csv,x100r.csv,x1r.csv	B	m_b
bh3_0339	GRGEYEIVQELIRIGDEDEAYY	f100.csv,f100r.csv,m1.csv,m1r.csv,x1.csv,x100.csv,x1r.csv	B	m_b
bh3_0340	GRGEYQIIQELTRIGDEVNAYY	f100.csv,m1.csv,m1r.csv,x1.csv	B	m_b
bh3_0341	GRGEYQIVQELRRIGDESHAYY	f100.csv,m1.csv,m1r.csv,x1.csv,x100.csv,x100r.csv,x1r.csv	B	m_b
bh3_0342	GRGEYQVVQELRRIGDEYNAYY	f100.csv,f100r.csv,m1.csv,m1r.csv,x1.csv,x100r.csv,x1r.csv	B	m_b
bh3_0343	GRPAIWIAQHLRRLGDIYNAYF	f100.csv,f100r.csv,m1.csv,x1.csv,x100.csv,x100r.csv,x1r.csv	B	f_b
bh3_0344	GRPAIWICQFLRRFGDKANAYF	f100.csv,f100r.csv,m1.csv,m1r.csv,x1.csv,x100.csv,x1r.csv	B	f_b
bh3_0345	GRPAIWICQFLRRIGDLVNAYP	f100.csv,f100r.csv,m1.csv,x1.csv	B	f_b
bh3_0346	GRPAIWICQFLRRSGDLFNAYI	f100.csv,f100r.csv,m1.csv,m1r.csv,x100.csv,x100r.csv,x1r.csv	B	f_b
bh3_0347	GRPAIWICQNLRRIGDIINAYI	f100.csv,f100r.csv,m1.csv,x100.csv	B	f_b
bh3_0348	GRPAIWICQVLRRFGDVPNAYF	f100.csv,f100r.csv,m1.csv,m1r.csv,x1.csv,x100.csv,x100r.csv,x1r.csv	B	f_b
bh3_0349	GRPAIWIDQDLRRFGDNLNAYF	f100.csv,f100r.csv,m1.csv,m1r.csv,x1.csv,x100.csv,x1r.csv	B	f_b
bh3_0350	GRPAIWIGQILRRTGDMVNAYS	f100.csv,f100r.csv,m1.csv,m1r.csv,x1.csv,x100.csv,x100r.csv	B	f_b
bh3_0351	GRPAIWIGQVLRRGGDQANAYF	f100.csv,f100r.csv,m1.csv,m1r.csv,x100.csv,x100r.csv,x1r.csv	B	f_b
bh3_0352	GRPAIWIGQYLRRFGDLINAYL	f100.csv,f100r.csv,m1.csv,m1r.csv,x1.csv,x100r.csv,x1r.csv	B	f_b
bh3_0353	GRPAIWISQCLRRTGDLFNAYS	f100.csv,m1.csv,m1r.csv,x1.csv,x100r.csv,x1r.csv	B	f_b
bh3_0354	GRPAIWISQFLRRSGDIYNAYF	f100.csv,f100r.csv,m1.csv,m1r.csv,x1.csv,x1r.csv	B	f_b
bh3_0355	GRPAIWISQFLRRTGDNFNAYF	f100.csv,f100r.csv,m1.csv,m1r.csv,x1.csv,x100.csv,x100r.csv,x1r.csv	B	f_b
bh3_0356	GRPAIWIYQILRRFGDQFNAYL	f100.csv,f100r.csv,m1.csv,m1r.csv,x1.csv,x100r.csv,x1r.csv	B	f_b
bh3_0357	GRPAIWIYQILRRIGDDLNAYL	f100.csv,m1.csv,m1r.csv,x1.csv,x1r.csv	B	f_b
bh3_0358	GRPAIWIYQVLRRFGDNLNAYF	f100.csv,f100r.csv,m1.csv,m1r.csv,x1.csv,x100.csv,x100r.csv,x1r.csv	B	f_b
bh3_0359	GRPDIWFAQELARVADEFLAYC	f100.csv,f100r.csv,m1.csv,x1.csv,x100r.csv,x1r.csv	B	x_b
bh3_0360	GRPDIWIAQELARYADEFIKYR	f100.csv,f100r.csv,m1.csv,m1r.csv,x1.csv,x1r.csv	B	x_b
bh3_0361	GRPDIWLAQELTRCADEFTTYG	f100.csv,f100r.csv,m1.csv,m1r.csv,x100.csv,x100r.csv,x1r.csv	B	x_b
bh3_0362	GRPDIWVAQELGRDGDEFLAYC	f100.csv,f100r.csv,m1.csv,m1r.csv,x1.csv,x100r.csv,x1r.csv	B	x_b
bh3_0363	GRPECDIGQELERIGDEAHAYY	f100.csv,f100r.csv,m1.csv,x1.csv,x100r.csv	B	m_b
bh3_0364	GRPECDIIQELTRIGDEYHAYY	f100.csv,f100r.csv,m1.csv,m1r.csv,x1.csv,x100r.csv,x1r.csv	B	m_b
bh3_0365	GRPECHIIQELRRIGDEIKAYY	f100.csv,m1.csv,m1r.csv,x1.csv,x100r.csv,x1r.csv	B	m_b
bh3_0366	GRPECHIVQELKRIGDELNAYY	f100.csv,f100r.csv,m1.csv,m1r.csv,x1.csv,x100r.csv,x1r.csv	B	m_b
bh3_0367	GRPECHVAQELRRIGDEYEAYY	f100.csv,f100r.csv,m1.csv,m1r.csv,x1.csv,x100r.csv,x1r.csv	B	m_b
bh3_0368	GRPECQISQELKRIGDEPKAYY	f100.csv,f100r.csv,m1.csv,x1.csv,x100.csv,x100r.csv,x1r.csv	B	m_b
bh3_0369	GRPEFHVVQELIRIGDEFQAYY	f100.csv,m1.csv,m1r.csv,x100.csv,x1r.csv	B	m_b
bh3_0370	GRPEIWIAQELGRTADEFHKYA	f100.csv,f100r.csv,m1.csv,m1r.csv,x1.csv,x100.csv,x100r.csv,x1r.csv	B	x_b
bh3_0371	GRPEIWIAQELIRVADEFLKYG	f100.csv,m1.csv,x1.csv,x100.csv,x100r.csv,x1r.csv	B	x_b
bh3_0372	GRPEIWIAQELRRYGDEFLEYG	f100.csv,m1.csv,m1r.csv,x1.csv,x100.csv,x100r.csv,x1r.csv	B	x_b
bh3_0373	GRPEIWIAQELVRLADEFTEYS	f100.csv,f100r.csv,m1.csv,m1r.csv,x1.csv,x100r.csv,x1r.csv	B	x_b
bh3_0374	GRPEIWIAQELVRSGDEFTKYC	f100.csv,f100r.csv,m1.csv,m1r.csv,x1.csv,x100r.csv,x1r.csv	B	x_b
bh3_0375	GRPEIWIAQGLRRFGDMYNAYS	f100.csv,f100r.csv,m1.csv,m1r.csv,x1.csv,x1r.csv	B	f_b
bh3_0376	GRPEIWIAQHLRRFGDMHNAYL	f100.csv,f100r.csv,m1.csv,x1.csv,x100.csv,x1r.csv	B	f_b
bh3_0377	GRPEIWIAQVLRRSGDMFNAYA	f100.csv,f100r.csv,m1.csv,m1r.csv,x1.csv,x100.csv,x100r.csv,x1r.csv	B	f_b
bh3_0378	GRPEIWICQFLRRFGDHFNAYS	f100.csv,f100r.csv,m1.csv,m1r.csv,x1.csv,x100r.csv	B	f_b
bh3_0379	GRPEIWICQILRRVGDEVNAYI	f100.csv,f100r.csv,m1.csv,m1r.csv,x100.csv	B	f_b
bh3_0380	GRPEIWIGQFLRRLGDVFNAYF	f100.csv,m1.csv,m1r.csv,x1.csv,x1r.csv	B	f_b
bh3_0381	GRPEIWIGQRLRRCGDLYNAYS	f100.csv,f100r.csv,m1.csv,m1r.csv,x1.csv,x100.csv,x100r.csv,x1r.csv	B	f_b
bh3_0382	GRPEIWIGQYLRRFGDVPNAYP	f100.csv,f100r.csv,m1.csv,m1r.csv,x1.csv,x100.csv,x100r.csv,x1r.csv	B	f_b
bh3_0383	GRPEIWISQNLRRIGDLNNAYF	f100.csv,f100r.csv,m1.csv,m1r.csv,x1.csv,x100.csv,x100r.csv,x1r.csv	B	f_b
bh3_0384	GRPEIWLAQELIRFADEFVKYC	f100.csv,f100r.csv,m1.csv,m1r.csv,x1.csv,x100r.csv,x1r.csv	B	x_b
bh3_0385	GRPEIWNAQELTRFGDEFHKYG	f100.csv,f100r.csv,m1.csv,m1r.csv,x1.csv,x1r.csv	B	x_b
bh3_0386	GRPERDISQELARIGDELQAYY	f100.csv,f100r.csv,m1.csv,m1r.csv,x1.csv,x100r.csv,x1r.csv	B	m_b
bh3_0387	GRPERHIGQELIRIGDELDAYY	f100.csv,m1.csv,m1r.csv,x1.csv,x100r.csv,x1r.csv	B	m_b
bh3_0388	GRPESQIAQELIRIGDEFQAYY	f100.csv,f100r.csv,m1.csv,m1r.csv,x1.csv,x100r.csv,x1r.csv	B	m_b
bh3_0389	GRPEVEITQELTRIGDEIQAYY	f100.csv,m1.csv,m1r.csv,x1.csv,x100.csv,x100r.csv	B	m_b
bh3_0390	GRPHIWFAQELGRVADEFAEYA	f100.csv,m1.csv,x1.csv,x100r.csv,x1r.csv	B	x_b
bh3_0391	GRPHIWFAQELRRHADEFVEYP	f100.csv,f100r.csv,m1.csv,m1r.csv,x1.csv,x100.csv,x100r.csv,x1r.csv	B	x_b
bh3_0392	GRPHIWIAQELIRIADEFHTYC	f100.csv,f100r.csv,m1.csv,x1.csv	B	x_b
bh3_0393	GRPHIWLAQELRRVGDEFLKYH	f100.csv,m1.csv,x1.csv,x1r.csv	B	x_b
bh3_0394	GRPHIWVAQELARVADEFLKYY	f100.csv,f100r.csv,m1.csv,x1.csv,x100r.csv,x1r.csv	B	x_b
bh3_0395	GRPHIWVAQELVRSADEFNEYR	f100.csv,f100r.csv,m1.csv,x100.csv,x100r.csv,x1r.csv	B	x_b
bh3_0396	GRPIIWFAQELIRPGDEFLKYS	f100.csv,f100r.csv,m1.csv,m1r.csv,x1.csv,x100.csv,x100r.csv,x1r.csv	B	x_b
bh3_0397	GRPIIWFAQELRRIGDEFTKYY	f100.csv,m1.csv,m1r.csv,x1.csv,x1r.csv	B	x_b
bh3_0398	GRPIIWFAQELVRHADEFNAYT	f100.csv,f100r.csv,m1.csv,m1r.csv,x1.csv,x100.csv,x100r.csv,x1r.csv	B	x_b
bh3_0399	GRPIIWIAQELIRIGDEFNTYD	f100.csv,f100r.csv,m1.csv,m1r.csv,x1.csv,x100r.csv,x1r.csv	B	x_b
bh3_0400	GRPIIWIAQELRRFADEFIEYD	f100.csv,m1.csv,m1r.csv,x1.csv,x1r.csv	B	x_b
bh3_0401	GRPIIWIAQELRRYADEFLKYY	f100.csv,f100r.csv,m1.csv,m1r.csv,x1.csv,x100r.csv,x1r.csv	B	x_b
bh3_0402	GRPIIWIAQELVRTGDEFNEYS	f100.csv,f100r.csv,m1.csv,m1r.csv,x1.csv,x100.csv,x1r.csv	B	x_b
bh3_0403	GRPIIWIAQGLRRVGDIVNAYI	f100.csv,f100r.csv,m1.csv,x100.csv,x1r.csv	B	f_b
bh3_0404	GRPIIWIAQYLRRLGDVVNAYL	f100.csv,f100r.csv,m1.csv,m1r.csv,x1.csv,x100.csv,x100r.csv,x1r.csv	B	f_b
bh3_0405	GRPIIWICQDLRRGGDKINAYT	f100.csv,f100r.csv,m1.csv,m1r.csv,x1.csv,x1r.csv	B	f_b
bh3_0406	GRPIIWICQDLRRSGDLANAYF	f100.csv,f100r.csv,m1.csv,m1r.csv,x1.csv,x1r.csv	B	f_b
bh3_0407	GRPIIWICQFLRRFGDHFNAYF	f100.csv,f100r.csv,m1.csv,m1r.csv,x1.csv,x100.csv,x1r.csv	B	f_b
bh3_0408	GRPIIWICQFLRRLGDLHNAYL	f100.csv,f100r.csv,m1.csv,x1.csv,x100r.csv,x1r.csv	B	f_b
bh3_0409	GRPIIWICQFLRRRGDHPNAYI	f100.csv,f100r.csv,m1.csv,m1r.csv,x1.csv	B	f_b
bh3_0410	GRPIIWICQILRRFGDKVNAYL	f100.csv,f100r.csv,m1.csv,m1r.csv,x100.csv,x1r.csv	B	f_b
bh3_0411	GRPIIWICQLLRRSGDVYNAYV	f100.csv,f100r.csv,m1.csv,x100.csv	B	f_b
bh3_0412	GRPIIWICQVLRRIGDVVNAYA	f100.csv,f100r.csv,m1.csv,m1r.csv,x1.csv,x100r.csv,x1r.csv	B	f_b
bh3_0413	GRPIIWICQYLRRIGDDVNAYA	f100.csv,f100r.csv,m1.csv,m1r.csv,x1.csv,x1r.csv	B	f_b
bh3_0414	GRPIIWIDQCLRRIGDVFNAYL	f100.csv,f100r.csv,m1.csv,m1r.csv,x1.csv,x100r.csv,x1r.csv	B	f_b
bh3_0415	GRPIIWIDQFLRRLGDLVNAYS	f100.csv,f100r.csv,m1.csv,m1r.csv,x1.csv	B	f_b
bh3_0416	GRPIIWIDQNLRRSGDLVNAYV	f100.csv,f100r.csv,m1.csv,m1r.csv,x1.csv,x100.csv,x100r.csv,x1r.csv	B	f_b
bh3_0417	GRPIIWIGQDLRRSGDLLNAYF	f100.csv,f100r.csv,m1.csv,m1r.csv,x1.csv,x100.csv,x100r.csv,x1r.csv	B	f_b
bh3_0418	GRPIIWIGQFLRRVGDLVNAYV	f100.csv,f100r.csv,m1.csv,m1r.csv,x1.csv,x100.csv,x1r.csv	B	f_b
bh3_0419	GRPIIWIGQHLRRIGDENNAYV	f100.csv,f100r.csv,m1.csv,m1r.csv,x100.csv,x1r.csv	B	f_b
bh3_0420	GRPIIWIGQILRRVGDHYNAYA	f100.csv,f100r.csv,m1.csv,m1r.csv,x1.csv,x100.csv,x100r.csv,x1r.csv	B	f_b
bh3_0421	GRPIIWIGQLLRRCGDILNAYS	f100.csv,f100r.csv,m1.csv,m1r.csv,x1.csv,x100.csv,x100r.csv,x1r.csv	B	f_b
bh3_0422	GRPIIWIGQLLRRFGDVNNAYA	f100.csv,f100r.csv,m1.csv,m1r.csv,x1.csv,x100.csv,x100r.csv,x1r.csv	B	f_b
bh3_0423	GRPIIWIGQLLRRIGDLFNAYF	f100.csv,f100r.csv,m1.csv,m1r.csv,x1.csv,x100r.csv,x1r.csv	B	f_b
bh3_0424	GRPIIWIGQVLRRFGDMLNAYI	f100.csv,f100r.csv,m1.csv,x1.csv,x1r.csv	B	f_b
bh3_0425	GRPIIWIGQVLRRLGDLANAYI	f100.csv,f100r.csv,m1.csv,m1r.csv,x1.csv,x1r.csv	B	f_b
bh3_0426	GRPIIWIGQVLRRLGDNSNAYS	f100.csv,f100r.csv,m1.csv,x1.csv	B	f_b
bh3_0427	GRPIIWIGQYLRRIGDVDNAYF	f100.csv,f100r.csv,m1.csv,x1.csv,x1r.csv	B	f_b
bh3_0428	GRPIIWISQLLRRIGDIFNAYL	f100.csv,f100r.csv,m1.csv,x100.csv,x1r.csv	B	f_b
bh3_0429	GRPIIWISQNLRRFGDLHNAYF	f100.csv,f100r.csv,m1.csv,m1r.csv,x1.csv,x100.csv,x100r.csv,x1r.csv	B	f_b
bh3_0430	GRPIIWISQNLRRIGDIINAYF	f100.csv,f100r.csv,m1.csv,x1.csv,x1r.csv	B	f_b
bh3_0431	GRPIIWISQYLRRCGDLVNAYV	f100.csv,f100r.csv,m1.csv,m1r.csv,x1.csv,x1r.csv	B	f_b
bh3_0432	GRPIIWISQYLRRSGDKYNAYP	f100.csv,f100r.csv,m1.csv,x1.csv,x100r.csv,x1r.csv	B	f_b
bh3_0433	GRPIIWISQYLRRVGDDINAYP	f100.csv,m1.csv,m1r.csv,x1.csv,x100.csv	B	f_b
bh3_0434	GRPIIWIYQDLRRSGDMDNAYP	f100.csv,f100r.csv,m1.csv,m1r.csv,x1.csv,x1r.csv	B	f_b
bh3_0435	GRPIIWIYQILRRTGDMVNAYF	f100.csv,f100r.csv,m1.csv,x1.csv,x100r.csv,x1r.csv	B	f_b
bh3_0436	GRPIIWIYQLLRRFGDIANAYV	f100.csv,f100r.csv,m1.csv,m1r.csv,x1.csv,x100r.csv,x1r.csv	B	f_b
bh3_0437	GRPIIWIYQVLRRLGDLVNAYF	f100.csv,f100r.csv,m1.csv,m1r.csv,x1.csv,x100.csv,x1r.csv	B	f_b
bh3_0438	GRPIIWIYQYLRRFGDVDNAYF	f100.csv,m1.csv,m1r.csv,x1.csv,x100r.csv,x1r.csv	B	f_b
bh3_0439	GRPIIWLAQELTRLGDEFTEYA	f100.csv,f100r.csv,m1.csv,m1r.csv,x1.csv,x100r.csv,x1r.csv	B	x_b
bh3_0440	GRPIIWLAQELVRIGDEFLTYA	f100.csv,f100r.csv,m1.csv,m1r.csv,x1.csv,x100r.csv,x1r.csv	B	x_b
bh3_0441	GRPIIWNAQELVRIGDEFDTYC	f100.csv,f100r.csv,m1.csv,m1r.csv,x1.csv,x100.csv,x100r.csv,x1r.csv	B	x_b
bh3_0442	GRPIIWVAQELGRFADEFIKYY	f100.csv,f100r.csv,m1.csv,m1r.csv,x1.csv,x100r.csv,x1r.csv	B	x_b
bh3_0443	GRPIIWVAQELVRIADEFIAYH	f100.csv,f100r.csv,m1.csv,m1r.csv,x1.csv,x1r.csv	B	x_b
bh3_0444	GRPKIWIAQCLRRCGDVLNAYV	f100.csv,f100r.csv,m1.csv,m1r.csv,x1.csv,x1r.csv	B	f_b
bh3_0445	GRPKIWIAQELARIADEFPTYD	f100.csv,f100r.csv,m1.csv,m1r.csv,x1.csv,x100.csv	B	x_b
bh3_0446	GRPKIWIAQLLRRIGDVLNAYL	f100.csv,f100r.csv,m1.csv,m1r.csv,x1.csv,x1r.csv	B	f_b
bh3_0447	GRPKIWICQFLRRFGDHINAYF	f100.csv,f100r.csv,m1.csv,m1r.csv,x1.csv,x100.csv,x1r.csv	B	f_b
bh3_0448	GRPKIWICQFLRRLGDKLNAYA	f100.csv,f100r.csv,m1.csv,m1r.csv,x1.csv,x100.csv,x100r.csv,x1r.csv	B	f_b
bh3_0449	GRPKIWICQYLRRGGDHANAYA	f100.csv,f100r.csv,m1.csv,x1.csv,x100r.csv,x1r.csv	B	f_b
bh3_0450	GRPKIWICQYLRRVGDVFNAYI	f100.csv,f100r.csv,m1.csv,m1r.csv,x1.csv,x100.csv,x100r.csv,x1r.csv	B	f_b
bh3_0451	GRPLIWFAQELARFADEFVEYD	f100.csv,f100r.csv,m1.csv,m1r.csv,x1.csv,x100.csv,x1r.csv	B	x_b
bh3_0452	GRPLIWFAQELGRIADEFIEYR	f100.csv,f100r.csv,m1.csv,m1r.csv,x1.csv,x100.csv,x1r.csv	B	x_b
bh3_0453	GRPLIWFAQELGRIGDEFVAYD	f100.csv,f100r.csv,m1.csv,x1.csv,x100r.csv,x1r.csv	B	x_b
bh3_0454	GRPLIWFAQELVRFGDEFIKYS	f100.csv,f100r.csv,m1.csv,x1.csv,x100r.csv,x1r.csv	B	x_b
bh3_0455	GRPLIWIAQDLRRIGDVVNAYL	f100.csv,f100r.csv,m1.csv,m1r.csv,x1.csv,x100.csv,x100r.csv,x1r.csv	B	f_b
bh3_0456	GRPLIWIAQELARYADEFNAYR	f100.csv,f100r.csv,m1.csv,m1r.csv,x1.csv,x1r.csv	B	x_b
bh3_0457	GRPLIWIAQELARYGDEFNAYY	f100.csv,m1.csv,m1r.csv,x1.csv,x100.csv,x100r.csv,x1r.csv	B	x_b
bh3_0458	GRPLIWIAQELIRIGDEFDAYA	f100.csv,f100r.csv,m1.csv,m1r.csv,x1.csv,x1r.csv	B	x_b
bh3_0459	GRPLIWIAQELIRYGDEFDEYD	f100.csv,f100r.csv,m1.csv,m1r.csv,x1.csv,x100.csv,x100r.csv,x1r.csv	B	x_b
bh3_0460	GRPLIWIAQELTRFGDEFAAYY	f100.csv,f100r.csv,m1.csv,m1r.csv,x1.csv,x100.csv,x100r.csv	B	x_b
bh3_0461	GRPLIWIAQELVRVADEFTEYN	f100.csv,m1.csv,x1.csv,x100.csv,x1r.csv	B	x_b
bh3_0462	GRPLIWICQDLRRFGDLLNAYV	f100.csv,f100r.csv,m1.csv,m1r.csv,x1.csv,x100.csv,x1r.csv	B	f_b
bh3_0463	GRPLIWICQFLRRFGDLLNAYF	f100.csv,f100r.csv,m1.csv,m1r.csv,x1.csv,x100.csv	B	f_b
bh3_0464	GRPLIWICQFLRRIGDMVNAYV	f100.csv,f100r.csv,m1.csv,m1r.csv,x1.csv,x100.csv,x1r.csv	B	f_b
bh3_0465	GRPLIWICQILRRIGDEVNAYF	f100.csv,f100r.csv,m1.csv,m1r.csv,x1.csv,x100r.csv,x1r.csv	B	f_b
bh3_0466	GRPLIWICQVLRRVGDEANAYF	f100.csv,f100r.csv,m1.csv,m1r.csv,x1.csv,x100.csv,x1r.csv	B	f_b
bh3_0467	GRPLIWIGQCLRRIGDVINAYF	f100.csv,f100r.csv,m1.csv,m1r.csv,x1.csv,x100r.csv,x1r.csv	B	f_b
bh3_0468	GRPLIWIGQFLRRFGDKFNAYT	f100.csv,f100r.csv,m1.csv,x1.csv,x1r.csv	B	f_b
bh3_0469	GRPLIWIGQILRRVGDDFNAYS	f100.csv,f100r.csv,m1.csv,m1r.csv,x1.csv,x1r.csv	B	f_b
bh3_0470	GRPLIWIGQYLRRCGDMINAYV	f100.csv,f100r.csv,m1.csv,x1.csv,x100r.csv,x1r.csv	B	f_b
bh3_0471	GRPLIWIGQYLRRIGDLANAYP	f100.csv,f100r.csv,m1.csv,m1r.csv,x100.csv,x100r.csv,x1r.csv	B	f_b
bh3_0472	GRPLIWISQCLRRFGDKVNAYF	f100.csv,f100r.csv,m1.csv,m1r.csv,x1.csv,x100.csv,x1r.csv	B	f_b
bh3_0473	GRPLIWISQCLRRGGDHYNAYI	f100.csv,f100r.csv,m1.csv,m1r.csv,x1.csv,x100.csv,x1r.csv	B	f_b
bh3_0474	GRPLIWISQGLRRFGDLLNAYV	f100.csv,f100r.csv,m1.csv,m1r.csv,x1.csv,x100r.csv,x1r.csv	B	f_b
bh3_0475	GRPLIWISQLLRRIGDIVNAYI	f100.csv,f100r.csv,m1.csv,x1.csv,x100r.csv	B	f_b
bh3_0476	GRPLIWISQVLRRFGDLFNAYF	f100.csv,f100r.csv,m1.csv,m1r.csv,x1.csv,x100r.csv,x1r.csv	B	f_b
bh3_0477	GRPLIWISQYLRRTGDKSNAYT	f100.csv,f100r.csv,m1.csv,m1r.csv,x100.csv,x1r.csv	B	f_b
bh3_0478	GRPLIWIYQCLRRFGDIVNAYI	f100.csv,f100r.csv,m1.csv,m1r.csv,x1.csv,x100r.csv,x1r.csv	B	f_b
bh3_0479	GRPLIWIYQILRRTGDNANAYF	f100.csv,f100r.csv,m1.csv,m1r.csv,x1.csv,x100.csv,x1r.csv	B	f_b
bh3_0480	GRPLIWLAQELARVADEFVEYA	f100.csv,f100r.csv,m1.csv,m1r.csv,x1.csv,x100.csv,x100r.csv,x1r.csv	B	x_b
bh3_0481	GRPLIWLAQELIRHGDEFDKYY	f100.csv,f100r.csv,m1.csv,m1r.csv,x1.csv,x100.csv,x1r.csv	B	x_b
bh3_0482	GRPLIWLAQELIRIGDEFHAYD	f100.csv,f100r.csv,m1.csv,x1.csv,x1r.csv	B	x_b
bh3_0483	GRPLIWLAQELVRAADEFLAYG	f100.csv,m1.csv,m1r.csv,x1.csv,x100r.csv,x1r.csv	B	x_b
bh3_0484	GRPLIWLAQELVRFADEFAAYC	f100.csv,f100r.csv,m1.csv,m1r.csv,x1.csv	B	x_b
bh3_0485	GRPLIWNAQELVRLADEFLKYY	f100.csv,f100r.csv,m1.csv,m1r.csv,x1.csv,x1r.csv	B	x_b
bh3_0486	GRPLIWVAQELARLGDEFDKYG	f100.csv,m1.csv,m1r.csv,x1.csv,x100r.csv,x1r.csv	B	x_b
bh3_0487	GRPLIWVAQELIRFADEFIEYR	f100.csv,f100r.csv,m1.csv,m1r.csv,x1.csv,x1r.csv	B	x_b
bh3_0488	GRPLIWVAQELRRIADEFLAYG	f100.csv,f100r.csv,m1.csv,m1r.csv,x1.csv,x100r.csv,x1r.csv	B	x_b
bh3_0489	GRPMIWFAQELGRIGDEFAKYG	f100.csv,f100r.csv,m1.csv,m1r.csv,x1.csv,x100r.csv,x1r.csv	B	x_b
bh3_0490	GRPMIWFAQELGRNGDEFVKYH	f100.csv,f100r.csv,m1.csv,m1r.csv,x1.csv,x100.csv,x100r.csv,x1r.csv	B	x_b
bh3_0491	GRPMIWFAQELVRSADEFVKYC	f100.csv,f100r.csv,m1.csv,m1r.csv,x1.csv,x1r.csv	B	x_b
bh3_0492	GRPMIWHAQELARSGDEFVKYR	f100.csv,f100r.csv,m1.csv,m1r.csv,x100.csv,x100r.csv,x1r.csv	B	x_b
bh3_0493	GRPMIWHAQELVRSGDEFAEYD	f100.csv,m1.csv,m1r.csv,x100.csv,x100r.csv,x1r.csv	B	x_b
bh3_0494	GRPMIWIAQELARFGDEFPKYH	f100.csv,f100r.csv,m1.csv,m1r.csv,x1.csv,x1r.csv	B	x_b
bh3_0495	GRPMIWIAQELRRFGDEFAEYC	f100.csv,f100r.csv,m1.csv,m1r.csv,x1.csv,x100r.csv,x1r.csv	B	x_b
bh3_0496	GRPMIWIAQELRRVADEFDAYR	f100.csv,m1.csv,m1r.csv,x1.csv,x100.csv,x1r.csv	B	x_b
bh3_0497	GRPMIWLAQELRRLGDEFHAYR	f100.csv,m1.csv,m1r.csv,x1.csv,x100.csv,x1r.csv	B	x_b
bh3_0498	GRPMIWLAQELRRSGDEFNAYR	f100.csv,f100r.csv,m1.csv,m1r.csv,x1.csv,x100r.csv,x1r.csv	B	x_b
bh3_0499	GRPMIWVAQELRRFGDEFTTYD	f100.csv,f100r.csv,m1.csv,x1.csv,x100r.csv,x1r.csv	B	x_b
bh3_0500	GRPMIWYAQELRRVADEFAKYC	f100.csv,f100r.csv,m1.csv,x1.csv,x1r.csv	B	x_b
bh3_0501	GRPMIWYAQELTRFGDEFVKYA	f100.csv,f100r.csv,m1.csv,m1r.csv,x100.csv,x1r.csv	B	x_b
bh3_0502	GRPNIWFAQELGRLGDEFNEYY	f100.csv,f100r.csv,m1.csv,m1r.csv,x1.csv,x100r.csv,x1r.csv	B	x_b
bh3_0503	GRPNIWIAQELTRHADEFVEYN	f100.csv,f100r.csv,m1.csv,m1r.csv,x1.csv,x100.csv,x100r.csv,x1r.csv	B	x_b
bh3_0504	GRPNIWIAQELVRCADEFDAYC	f100.csv,f100r.csv,m1.csv,m1r.csv,x100.csv,x1r.csv	B	x_b
bh3_0505	GRPNIWVAQELARVGDEFTKYP	f100.csv,f100r.csv,m1.csv,m1r.csv,x1.csv,x100.csv,x100r.csv,x1r.csv	B	x_b
bh3_0506	GRPNIWVAQELIRIADEFNAYY	f100.csv,f100r.csv,m1.csv,m1r.csv,x1.csv,x100r.csv,x1r.csv	B	x_b
bh3_0507	GRPPIWIAQNLRRIGDKYNAYI	f100.csv,f100r.csv,m1.csv,m1r.csv,x1.csv,x1r.csv	B	f_b
bh3_0508	GRPPIWICQYLRRIGDDVNAYF	f100.csv,f100r.csv,m1.csv,m1r.csv,x1.csv,x100r.csv,x1r.csv	B	f_b
bh3_0509	GRPPIWIDQVLRRCGDIFNAYI	f100.csv,m1.csv,m1r.csv,x1.csv,x100.csv,x100r.csv,x1r.csv	B	f_b
bh3_0510	GRPPIWIGQFLRRIGDLFNAYF	f100.csv,m1.csv,m1r.csv,x1.csv,x100.csv,x1r.csv	B	f_b
bh3_0511	GRPPIWIGQVLRRCGDKPNAYI	f100.csv,f100r.csv,m1.csv,m1r.csv,x1.csv,x1r.csv	B	f_b
bh3_0512	GRPPIWIYQVLRRFGDQTNAYV	f100.csv,f100r.csv,m1.csv,x1.csv,x100.csv,x100r.csv,x1r.csv	B	f_b
bh3_0513	GRPQIWFAQELIRFADEFDTYN	f100.csv,f100r.csv,m1.csv,m1r.csv,x1.csv,x100r.csv,x1r.csv	B	x_b
bh3_0514	GRPQIWIAQELVRLADEFTTYN	f100.csv,f100r.csv,m1.csv,x1.csv,x100r.csv,x1r.csv	B	x_b
bh3_0515	GRPQIWIAQFLRRVGDIINAYV	f100.csv,f100r.csv,m1.csv,m1r.csv,x1.csv,x100.csv	B	f_b
bh3_0516	GRPQIWICQILRRIGDNSNAYP	f100.csv,f100r.csv,m1.csv,x1.csv	B	f_b
bh3_0517	GRPQIWICQILRRVGDVANAYP	f100.csv,m1.csv,x100.csv,x1r.csv	B	f_b
bh3_0518	GRPQIWICQLLRRIGDLYNAYP	f100.csv,f100r.csv,m1.csv,m1r.csv,x1.csv	B	f_b
bh3_0519	GRPQIWICQYLRRSGDIINAYL	f100.csv,f100r.csv,m1.csv,m1r.csv,x1.csv,x100.csv,x100r.csv,x1r.csv	B	f_b
bh3_0520	GRPQIWIDQDLRRVGDLINAYS	f100.csv,f100r.csv,m1.csv,m1r.csv,x1.csv,x100r.csv,x1r.csv	B	f_b
bh3_0521	GRPQIWIGQILRRVGDELNAYV	f100.csv,f100r.csv,m1.csv,x1.csv,x100.csv,x100r.csv,x1r.csv	B	f_b
bh3_0522	GRPQIWIGQVLRRFGDMANAYL	f100.csv,m1.csv,x100.csv,x1r.csv	B	f_b
bh3_0523	GRPQIWIYQCLRRIGDDLNAYF	f100.csv,f100r.csv,m1.csv,m1r.csv,x1.csv,x100.csv,x100r.csv,x1r.csv	B	f_b
bh3_0524	GRPQIWIYQNLRRVGDQINAYA	f100.csv,f100r.csv,m1.csv,m1r.csv,x1.csv,x1r.csv	B	f_b
bh3_0525	GRPQIWIYQVLRRVGDVINAYS	f100.csv,f100r.csv,m1.csv,m1r.csv,x1.csv,x100.csv,x100r.csv,x1r.csv	B	f_b
bh3_0526	GRPQIWVAQELGRIADEFAAYS	f100.csv,m1.csv,m1r.csv,x1.csv,x100.csv,x100r.csv,x1r.csv	B	x_b
bh3_0527	GRPQIWVAQELIRHADEFHKYS	f100.csv,f100r.csv,m1.csv,x1.csv,x100r.csv,x1r.csv	B	x_b
bh3_0528	GRPTIWIAQCLRRSGDVINAYF	f100.csv,f100r.csv,m1.csv,m1r.csv,x1.csv,x100r.csv,x1r.csv	B	f_b
bh3_0529	GRPTIWICQLLRRVGDLTNAYT	f100.csv,f100r.csv,m1.csv,m1r.csv,x1.csv,x1r.csv	B	f_b
bh3_0530	GRPTIWICQVLRRFGDVFNAYT	f100.csv,f100r.csv,m1.csv,m1r.csv,x1.csv,x100.csv,x100r.csv,x1r.csv	B	f_b
bh3_0531	GRPTIWIGQFLRRIGDVYNAYL	f100.csv,f100r.csv,m1.csv,m1r.csv,x100.csv,x100r.csv,x1r.csv	B	f_b
bh3_0532	GRPTIWIGQGLRRIGDVVNAYP	f100.csv,f100r.csv,m1.csv,x1.csv,x1r.csv	B	f_b
bh3_0533	GRPTIWIGQYLRRIGDLLNAYV	f100.csv,f100r.csv,m1.csv,x1.csv,x100.csv,x100r.csv,x1r.csv	B	f_b
bh3_0534	GRPTIWISQDLRRCGDIDNAYT	f100.csv,f100r.csv,m1.csv,m1r.csv,x1.csv,x100.csv,x1r.csv	B	f_b
bh3_0535	GRPTIWISQFLRRIGDDFNAYF	f100.csv,f100r.csv,m1.csv,x1.csv	B	f_b
bh3_0536	GRPTIWIYQCLRRIGDDANAYV	f100.csv,f100r.csv,m1.csv,m1r.csv,x1.csv,x100r.csv,x1r.csv	B	f_b
bh3_0537	GRPTIWIYQVLRRIGDDYNAYV	f100.csv,f100r.csv,m1.csv,x100.csv,x1r.csv	B	f_b
bh3_0538	GRPVIWDAQELTRYADEFIKYA	f100.csv,f100r.csv,m1.csv,m1r.csv,x1.csv,x100r.csv,x1r.csv	B	x_b
bh3_0539	GRPVIWFAQELARVGDEFNTYC	f100.csv,f100r.csv,m1.csv,x1.csv,x100.csv,x1r.csv	B	x_b
bh3_0540	GRPVIWFAQELIRIADEFPEYS	f100.csv,f100r.csv,m1.csv,m1r.csv,x1.csv,x100r.csv,x1r.csv	B	x_b
bh3_0541	GRPVIWFAQELIRIGDEFAAYA	f100.csv,f100r.csv,m1.csv,x1.csv,x100.csv,x100r.csv,x1r.csv	B	x_b
bh3_0542	GRPVIWFAQELRRIGDEFLKYH	f100.csv,f100r.csv,m1.csv,m1r.csv,x1.csv,x100r.csv,x1r.csv	B	x_b
bh3_0543	GRPVIWFAQELVRIGDEFDKYA	f100.csv,f100r.csv,m1.csv,m1r.csv,x1.csv,x100.csv,x100r.csv,x1r.csv	B	x_b
bh3_0544	GRPVIWFAQELVRSADEFDAYT	f100.csv,f100r.csv,m1.csv,m1r.csv,x100.csv,x100r.csv,x1r.csv	B	x_b
bh3_0545	GRPVIWHAQELVRAADEFNEYN	f100.csv,f100r.csv,m1.csv,m1r.csv,x1.csv,x1r.csv	B	x_b
bh3_0546	GRPVIWIAQCLRRSGDDVNAYA	f100.csv,f100r.csv,m1.csv,m1r.csv,x1.csv,x100r.csv,x1r.csv	B	f_b
bh3_0547	GRPVIWIAQDLRRTGDLYNAYV	f100.csv,f100r.csv,m1.csv,m1r.csv,x1.csv,x1r.csv	B	f_b
bh3_0548	GRPVIWIAQELARAADEFIKYS	f100.csv,f100r.csv,m1.csv,m1r.csv,x1.csv,x100r.csv,x1r.csv	B	x_b
bh3_0549	GRPVIWIAQELARIADEFLAYT	f100.csv,m1.csv,m1r.csv,x1.csv,x100.csv,x100r.csv,x1r.csv	B	x_b
bh3_0550	GRPVIWIAQELARLGDEFLTYT	f100.csv,f100r.csv,m1.csv,m1r.csv,x1.csv,x1r.csv	B	x_b
bh3_0551	GRPVIWIAQELIRLADEFVTYC	f100.csv,m1.csv,x1.csv,x100r.csv	B	x_b
bh3_0552	GRPVIWIAQELRRNGDEFHEYT	f100.csv,f100r.csv,m1.csv,m1r.csv,x1.csv,x1r.csv	B	x_b
bh3_0553	GRPVIWIAQELVRAGDEFLKYY	f100.csv,m1.csv,m1r.csv,x1.csv	B	x_b
bh3_0554	GRPVIWIAQELVRYADEFDKYA	f100.csv,f100r.csv,m1.csv,x1.csv,x100r.csv,x1r.csv	B	x_b
bh3_0555	GRPVIWIAQILRRLGDIINAYF	f100.csv,m1.csv,m1r.csv,x1.csv,x100r.csv,x1r.csv	B	f_b
bh3_0556	GRPVIWIAQYLRRVGDLINAYL	f100.csv,f100r.csv,m1.csv,x1.csv,x100.csv,x1r.csv	B	f_b
bh3_0557	GRPVIWICQCLRRVGDIPNAYL	f100.csv,m1.csv,x1.csv,x1r.csv	B	f_b
bh3_0558	GRPVIWICQFLRRIGDIINAYF	f100.csv,f100r.csv,m1.csv,m1r.csv,x100.csv,x100r.csv,x1r.csv	B	f_b
bh3_0559	GRPVIWICQFLRRIGDIVNAYP	f100.csv,f100r.csv,m1.csv,m1r.csv,x1.csv,x100r.csv,x1r.csv	B	f_b
bh3_0560	GRPVIWICQNLRRTGDMHNAYI	f100.csv,f100r.csv,m1.csv,m1r.csv,x1.csv,x100r.csv,x1r.csv	B	f_b
bh3_0561	GRPVIWICQVLRRIGDMNNAYP	f100.csv,f100r.csv,m1.csv,m1r.csv,x1.csv,x100.csv,x100r.csv,x1r.csv	B	f_b
bh3_0562	GRPVIWICQYLRRIGDMANAYF	f100.csv,f100r.csv,m1.csv,m1r.csv,x1.csv,x1r.csv	B	f_b
bh3_0563	GRPVIWIDQCLRRIGDNINAYS	f100.csv,f100r.csv,m1.csv,m1r.csv,x1.csv,x1r.csv	B	f_b
bh3_0564	GRPVIWIDQFLRRLGDKLNAYF	f100.csv,f100r.csv,m1.csv,m1r.csv,x1.csv,x100.csv,x100r.csv,x1r.csv	B	f_b
bh3_0565	GRPVIWIDQILRRAGDNANAYV	f100.csv,f100r.csv,m1.csv,x1.csv,x1r.csv	B	f_b
bh3_0566	GRPVIWIGQCLRRLGDIHNAYL	f100.csv,m1.csv,x1.csv,x100r.csv,x1r.csv	B	f_b
bh3_0567	GRPVIWIGQCLRRTGDVFNAYF	f100.csv,f100r.csv,m1.csv,m1r.csv,x1.csv,x100.csv,x1r.csv	B	f_b
bh3_0568	GRPVIWIGQVLRRRGDEFNAYI	f100.csv,f100r.csv,m1.csv,m1r.csv,x1.csv,x100.csv,x100r.csv,x1r.csv	B	f_b
bh3_0569	GRPVIWIGQYLRRPGDQTNAYS	f100.csv,f100r.csv,m1.csv,m1r.csv,x1.csv,x100r.csv,x1r.csv	B	f_b
bh3_0570	GRPVIWISQCLRRFGDEYNAYA	f100.csv,f100r.csv,m1.csv,m1r.csv,x1.csv,x100.csv,x100r.csv,x1r.csv	B	f_b
bh3_0571	GRPVIWISQHLRRGGDVSNAYS	f100.csv,f100r.csv,m1.csv,m1r.csv,x1.csv,x100.csv,x100r.csv,x1r.csv	B	f_b
bh3_0572	GRPVIWISQYLRRFGDLLNAYF	f100.csv,f100r.csv,m1.csv,m1r.csv,x1.csv,x1r.csv	B	f_b
bh3_0573	GRPVIWISQYLRRGGDIINAYF	f100.csv,f100r.csv,m1.csv,m1r.csv,x1.csv,x1r.csv	B	f_b
bh3_0574	GRPVIWIYQFLRRGGDVANAYV	f100.csv,f100r.csv,m1.csv,m1r.csv,x1.csv,x100.csv,x100r.csv,x1r.csv	B	f_b
bh3_0575	GRPVIWIYQHLRRFGDQLNAYF	f100.csv,f100r.csv,m1.csv,m1r.csv,x1.csv,x1r.csv	B	f_b
bh3_0576	GRPVIWIYQILRRVGDMINAYF	f100.csv,f100r.csv,m1.csv,m1r.csv,x1.csv,x100.csv,x1r.csv	B	f_b
bh3_0577	GRPVIWIYQILRRVGDVLNAYA	f100.csv,f100r.csv,m1.csv,m1r.csv,x1.csv,x100r.csv,x1r.csv	B	f_b
bh3_0578	GRPVIWLAQELARSADEFLTYP	f100.csv,f100r.csv,m1.csv,x1.csv,x100r.csv,x1r.csv	B	x_b
bh3_0579	GRPVIWLAQELARVADEFPEYY	f100.csv,f100r.csv,m1.csv,m1r.csv,x1.csv,x100.csv,x100r.csv,x1r.csv	B	x_b
bh3_0580	GRPVIWLAQELIRIGDEFLKYC	f100.csv,f100r.csv,m1.csv,m1r.csv,x1.csv,x100r.csv,x1r.csv	B	x_b
bh3_0581	GRPVIWLAQELIRLGDEFLTYC	f100.csv,f100r.csv,m1.csv,x1.csv,x100r.csv	B	x_b
bh3_0582	GRPVIWLAQELRRCADEFHKYG	f100.csv,f100r.csv,m1.csv,x1.csv,x100r.csv,x1r.csv	B	x_b
bh3_0583	GRPVIWLAQELTRLADEFDKYG	f100.csv,f100r.csv,m1.csv,m1r.csv,x1.csv,x100.csv,x100r.csv,x1r.csv	B	x_b
bh3_0584	GRREAHVVQELARIGDEYNAYY	f100.csv,f100r.csv,m1.csv,m1r.csv,x1.csv,x100r.csv	B	m_b
bh3_0585	GRRECEIGQELGRIGDEAKAYY	f100.csv,f100r.csv,m1.csv,m1r.csv,x1.csv,x100.csv,x100r.csv,x1r.csv	B	m_b
bh3_0586	GRRECETIQELIRIGDEINAYY	f100.csv,f100r.csv,m1.csv,m1r.csv,x1.csv	B	m_b
bh3_0587	GRRECHAAQELERIGDEAHAYY	f100.csv,f100r.csv,m1.csv,m1r.csv,x1.csv,x100.csv,x100r.csv,x1r.csv	B	m_b
bh3_0588	GRREDEISQELVRIGDEIEAYY	f100.csv,f100r.csv,m1.csv,m1r.csv,x1.csv,x100.csv,x100r.csv,x1r.csv	B	m_b
bh3_0589	GRREDHIGQELVRIGDEINAYY	f100.csv,m1.csv,x1.csv,x100.csv,x100r.csv,x1r.csv	B	m_b
bh3_0590	GRREDHVGQELIRIGDEIKAYY	f100.csv,f100r.csv,m1.csv,m1r.csv,x1.csv,x100r.csv,x1r.csv	B	m_b
bh3_0591	GRREDHVTQELERIGDENDAYY	f100.csv,f100r.csv,m1.csv,m1r.csv,x1.csv,x100.csv,x100r.csv,x1r.csv	B	m_b
bh3_0592	GRREFDIVQELVRIGDEADAYY	f100.csv,f100r.csv,m1.csv,m1r.csv,x1.csv	B	m_b
bh3_0593	GRREFEIVQELRRIGDELDAYY	f100.csv,f100r.csv,m1.csv,m1r.csv,x1.csv,x100r.csv,x1r.csv	B	m_b
bh3_0594	GRREFEVAQELKRIGDEVEAYY	f100.csv,f100r.csv,m1.csv,m1r.csv,x1.csv,x100.csv,x100r.csv,x1r.csv	B	m_b
bh3_0595	GRREFEVIQELRRIGDEVEAYY	f100.csv,f100r.csv,m1.csv,m1r.csv,x1.csv,x100.csv,x100r.csv,x1r.csv	B	m_b
bh3_0596	GRREFQVGQELARIGDEIEAYY	f100.csv,f100r.csv,m1.csv,m1r.csv,x1.csv,x100.csv,x100r.csv,x1r.csv	B	m_b
bh3_0597	GRREGDVGQELKRIGDEDEAYY	f100.csv,f100r.csv,m1.csv,m1r.csv,x1.csv,x100.csv,x100r.csv,x1r.csv	B	m_b
bh3_0598	GRREGDVIQELRRIGDESDAYY	f100.csv,f100r.csv,m1.csv,m1r.csv,x1.csv,x100r.csv	B	m_b
bh3_0599	GRREGHTIQELTRIGDEADAYY	f100.csv,f100r.csv,m1.csv,m1r.csv,x1.csv,x100r.csv,x1r.csv	B	m_b
bh3_0600	GRREHDTVQELTRIGDEAEAYY	f100.csv,f100r.csv,m1.csv,x1.csv,x100r.csv,x1r.csv	B	m_b
bh3_0601	GRREHDVSQELARIGDESQAYY	f100.csv,f100r.csv,m1.csv,x1.csv,x100r.csv,x1r.csv	B	m_b
bh3_0602	GRREHHIAQELARIGDEHDAYY	f100.csv,f100r.csv,m1.csv,m1r.csv,x100.csv,x100r.csv,x1r.csv	B	m_b
bh3_0603	GRREHQVIQELIRIGDEVNAYY	f100.csv,f100r.csv,m1.csv,m1r.csv,x1.csv,x100r.csv,x1r.csv	B	m_b
bh3_0604	GRRELDIVQELTRIGDEIEAYY	f100.csv,f100r.csv,m1.csv,m1r.csv,x1.csv	B	m_b
bh3_0605	GRRELHIGQELRRIGDELHAYY	f100.csv,m1.csv,x1.csv,x1r.csv	B	m_b
bh3_0606	GRRELQVIQELGRIGDEVKAYY	f100.csv,f100r.csv,m1.csv,m1r.csv,x1.csv,x100.csv,x100r.csv,x1r.csv	B	m_b
bh3_0607	GRRELQVVQELGRIGDELDAYY	f100.csv,f100r.csv,m1.csv,m1r.csv,x1.csv,x1r.csv	B	m_b
bh3_0608	GRREPHVAQELGRIGDEVEAYY	f100.csv,m1.csv,m1r.csv,x1.csv,x100.csv,x100r.csv,x1r.csv	B	m_b
bh3_0609	GRRERDIVQELIRIGDEFHAYY	f100.csv,m1.csv,m1r.csv,x1.csv	B	m_b
bh3_0610	GRRERETGQELARIGDENQAYY	f100.csv,f100r.csv,m1.csv,m1r.csv,x1.csv,x100.csv,x100r.csv,x1r.csv	B	m_b
bh3_0611	GRRERHIAQELGRIGDEIEAYY	f100.csv,f100r.csv,m1.csv,m1r.csv,x1.csv,x100.csv,x100r.csv,x1r.csv	B	m_b
bh3_0612	GRRERHVGQELRRIGDEYNAYY	f100.csv,m1.csv,x1.csv,x100r.csv	B	m_b
bh3_0613	GRREYDIVQELRRIGDELDAYY	f100.csv,f100r.csv,m1.csv,m1r.csv,x1.csv,x100r.csv,x1r.csv	B	m_b
bh3_0614	GRREYEVIQELIRIGDEHEAYY	f100.csv,f100r.csv,m1.csv,m1r.csv,x1.csv,x1r.csv	B	m_b
bh3_0615	GRREYHAVQELRRIGDEFEAYY	f100.csv,f100r.csv,m1.csv,m1r.csv,x1.csv,x100.csv,x100r.csv,x1r.csv	B	m_b
bh3_0616	GRREYHVVQELGRIGDEHNAYY	f100.csv,m1.csv,m1r.csv,x100.csv,x100r.csv,x1r.csv	B	m_b
bh3_0617	GRSECEIGQELIRIGDESNAYY	f100.csv,f100r.csv,m1.csv,m1r.csv,x1.csv,x1r.csv	B	m_b
bh3_0618	GRSEDDAVQELIRIGDELNAYY	f100.csv,m1.csv,m1r.csv,x1.csv,x1r.csv	B	m_b
bh3_0619	GRSEDDTSQELIRIGDEVEAYY	f100.csv,f100r.csv,m1.csv,m1r.csv,x1.csv,x100r.csv	B	m_b
bh3_0620	GRSEDEVVQELRRIGDEVDAYY	f100.csv,m1.csv,m1r.csv,x1.csv,x100.csv,x100r.csv,x1r.csv	B	m_b
bh3_0621	GRSEFEAIQELRRIGDEYNAYY	f100.csv,m1.csv,m1r.csv,x1.csv,x1r.csv	B	m_b
bh3_0622	GRSEFHTGQELIRIGDELEAYY	f100.csv,f100r.csv,m1.csv,m1r.csv,x1.csv,x100r.csv,x1r.csv	B	m_b
bh3_0623	GRSEGDIVQELKRIGDEIQAYY	f100.csv,f100r.csv,m1.csv,m1r.csv,x1.csv,x100r.csv,x1r.csv	B	m_b
bh3_0624	GRSEGEIGQELTRIGDEVEAYY	f100.csv,f100r.csv,m1.csv,x1.csv	B	m_b
bh3_0625	GRSEGQVAQELVRIGDEFEAYY	f100.csv,f100r.csv,m1.csv,x1.csv,x100.csv,x100r.csv,x1r.csv	B	m_b
bh3_0626	GRSEHETVQELGRIGDEYEAYY	f100.csv,f100r.csv,m1.csv,m1r.csv,x1.csv,x100r.csv,x1r.csv	B	m_b
bh3_0627	GRSELDIGQELARIGDEYDAYY	f100.csv,f100r.csv,m1.csv,m1r.csv,x1.csv,x100r.csv,x1r.csv	B	m_b
bh3_0628	GRSELDIIQELKRIGDEAQAYY	f100.csv,f100r.csv,m1.csv,x1.csv,x100.csv,x1r.csv	B	m_b
bh3_0629	GRSELQTGQELRRIGDEYEAYY	f100.csv,m1.csv,m1r.csv,x1.csv,x100.csv,x100r.csv,x1r.csv	B	m_b
bh3_0630	GRSELQTVQELRRIGDEVDAYY	f100.csv,f100r.csv,m1.csv,m1r.csv,x1.csv,x1r.csv	B	m_b
bh3_0631	GRSEPDIVQELRRIGDENEAYY	f100.csv,f100r.csv,m1.csv,m1r.csv,x1.csv,x100r.csv,x1r.csv	B	m_b
bh3_0632	GRSERDTSQELIRIGDEINAYY	f100.csv,m1.csv,x1.csv,x100r.csv	B	m_b
bh3_0633	GRSESHIAQELGRIGDEFHAYY	f100.csv,f100r.csv,m1.csv,m1r.csv,x1.csv,x100r.csv,x1r.csv	B	m_b
bh3_0634	GRSEYHAGQELTRIGDEHDAYY	f100.csv,f100r.csv,m1.csv,m1r.csv,x1.csv	B	m_b
bh3_0635	GRSEYQIGQELIRIGDEVQAYY	f100.csv,f100r.csv,m1.csv,m1r.csv,x1.csv,x100r.csv,x1r.csv	B	m_b
bh3_0636	GRTECDAAQELIRIGDEIHAYY	f100.csv,f100r.csv,m1.csv,m1r.csv,x1.csv,x100r.csv,x1r.csv	B	m_b
bh3_0637	GRTECHAVQELKRIGDEFDAYY	f100.csv,m1.csv,m1r.csv,x1.csv,x100r.csv,x1r.csv	B	m_b
bh3_0638	GRTECHVIQELARIGDEYNAYY	f100.csv,f100r.csv,m1.csv,m1r.csv,x1.csv,x100r.csv,x1r.csv	B	m_b
bh3_0639	GRTECQIGQELVRIGDEDEAYY	f100.csv,f100r.csv,m1.csv,m1r.csv,x1.csv,x100.csv,x100r.csv,x1r.csv	B	m_b
bh3_0640	GRTEDDIGQELRRIGDEVKAYY	f100.csv,f100r.csv,m1.csv,m1r.csv,x1.csv,x100r.csv	B	m_b
bh3_0641	GRTEDHIIQELIRIGDEVNAYY	f100.csv,f100r.csv,m1.csv,m1r.csv,x1.csv,x1r.csv	B	m_b
bh3_0642	GRTEDHISQELARIGDEFQAYY	f100.csv,f100r.csv,m1.csv,m1r.csv,x1.csv,x100.csv,x100r.csv,x1r.csv	B	m_b
bh3_0643	GRTEDQTIQELARIGDENDAYY	f100.csv,m1.csv,m1r.csv,x1.csv,x100.csv,x1r.csv	B	m_b
bh3_0644	GRTEDQTSQELVRIGDEIDAYY	f100.csv,m1.csv,m1r.csv,x1.csv,x100.csv,x100r.csv,x1r.csv	B	m_b
bh3_0645	GRTEFEIGQELGRIGDEADAYY	f100.csv,f100r.csv,m1.csv,m1r.csv,x1.csv,x100r.csv,x1r.csv	B	m_b
bh3_0646	GRTEFETSQELRRIGDELHAYY	f100.csv,f100r.csv,m1.csv,m1r.csv,x1.csv,x100r.csv,x1r.csv	B	m_b
bh3_0647	GRTEGQIIQELERIGDEFDAYY	f100.csv,m1.csv,m1r.csv,x1.csv,x100r.csv	B	m_b
bh3_0648	GRTEHQIGQELARIGDEDNAYY	f100.csv,f100r.csv,m1.csv,m1r.csv,x1.csv,x100r.csv,x1r.csv	B	m_b
bh3_0649	GRTELQVAQELVRIGDEHDAYY	f100.csv,f100r.csv,m1.csv,m1r.csv,x1.csv,x100.csv,x1r.csv	B	m_b
bh3_0650	GRTERHVGQELKRIGDENDAYY	f100.csv,f100r.csv,m1.csv,m1r.csv,x1.csv,x100r.csv,x1r.csv	B	m_b
bh3_0651	GRTEVDAAQELIRIGDEFNAYY	f100.csv,m1.csv,m1r.csv,x1.csv,x100.csv,x100r.csv,x1r.csv	B	m_b
bh3_0652	GRTEVDIAQELIRIGDEVEAYY	f100.csv,f100r.csv,m1.csv,m1r.csv,x1.csv,x100.csv,x100r.csv,x1r.csv	B	m_b
bh3_0653	GRTEVQIIQELIRIGDEINAYY	f100.csv,f100r.csv,m1.csv,x1.csv,x100r.csv,x1r.csv	B	m_b
bh3_0654	GRTEYDVVQELIRIGDELDAYY	f100.csv,f100r.csv,m1.csv,m1r.csv,x1.csv,x100r.csv,x1r.csv	B	m_b
bh3_0655	GRWEAEIAQELTRIGDEHDAYY	f100.csv,f100r.csv,m1.csv,m1r.csv,x1.csv,x100r.csv,x1r.csv	B	m_b
bh3_0656	GRWEAHVIQELIRIGDEVHAYY	f100.csv,f100r.csv,m1.csv,m1r.csv,x1.csv	B	m_b
bh3_0657	GRWEAQISQELVRIGDEIEAYY	f100.csv,m1.csv,m1r.csv,x1.csv,x100r.csv,x1r.csv	B	m_b
bh3_0658	GRWEAQVVQELTRIGDEVEAYY	f100.csv,f100r.csv,m1.csv,x1.csv,x100.csv,x100r.csv	B	m_b
bh3_0659	GRWECEITQELARIGDEFNAYY	f100.csv,m1.csv,x1.csv,x1r.csv	B	m_b
bh3_0660	GRWECEVSQELGRIGDEIKAYY	f100.csv,f100r.csv,m1.csv,m1r.csv,x1.csv,x1r.csv	B	m_b
bh3_0661	GRWEFDIIQELTRIGDETKAYY	f100.csv,m1.csv,m1r.csv,x1.csv,x100.csv,x1r.csv	B	m_b
bh3_0662	GRWEFHIGQELTRIGDEINAYY	f100.csv,f100r.csv,m1.csv,m1r.csv,x1.csv,x100r.csv,x1r.csv	B	m_b
bh3_0663	GRWEFHVVQELTRIGDELNAYY	f100.csv,f100r.csv,m1.csv,m1r.csv,x1.csv,x100r.csv,x1r.csv	B	m_b
bh3_0664	GRWEFQIIQELTRIGDEHNAYY	f100.csv,f100r.csv,m1.csv,m1r.csv,x1.csv,x100.csv,x1r.csv	B	m_b
bh3_0665	GRWEGDVAQELTRIGDENEAYY	f100.csv,f100r.csv,m1.csv,x1.csv,x100r.csv,x1r.csv	B	m_b
bh3_0666	GRWEGEIGQELVRIGDESQAYY	f100.csv,f100r.csv,m1.csv,x100.csv,x100r.csv,x1r.csv	B	m_b
bh3_0667	GRWEGQIAQELKRIGDEVQAYY	f100.csv,m1.csv,m1r.csv,x1.csv,x100.csv,x100r.csv,x1r.csv	B	m_b
bh3_0668	GRWEHDIGQELTRIGDEVNAYY	f100.csv,f100r.csv,m1.csv,m1r.csv,x1.csv,x100.csv,x100r.csv,x1r.csv	B	m_b
bh3_0669	GRWEHDITQELARIGDEVDAYY	f100.csv,f100r.csv,m1.csv,m1r.csv,x1.csv,x100.csv,x100r.csv,x1r.csv	B	m_b
bh3_0670	GRWEHEIVQELTRIGDEIHAYY	f100.csv,f100r.csv,m1.csv,m1r.csv,x1.csv,x100r.csv,x1r.csv	B	m_b
bh3_0671	GRWEHQIIQELTRIGDEVDAYY	f100.csv,f100r.csv,m1.csv,m1r.csv,x1.csv,x100.csv,x100r.csv,x1r.csv	B	m_b
bh3_0672	GRWELDTVQELVRIGDESNAYY	f100.csv,m1.csv,m1r.csv,x1.csv,x100r.csv,x1r.csv	B	m_b
bh3_0673	GRWELHIVQELGRIGDEVEAYY	f100.csv,m1.csv,m1r.csv,x1.csv,x100r.csv	B	m_b
bh3_0674	GRWELHIVQELKRIGDELEAYY	f100.csv,f100r.csv,m1.csv,m1r.csv,x1.csv,x100.csv,x100r.csv,x1r.csv	B	m_b
bh3_0675	GRWEPEVAQELRRIGDEVEAYY	f100.csv,f100r.csv,m1.csv,m1r.csv,x1.csv,x100r.csv,x1r.csv	B	m_b
bh3_0676	GRWEPHIAQELRRIGDEFHAYY	f100.csv,m1.csv,m1r.csv,x1.csv,x1r.csv	B	m_b
bh3_0677	GRWERDAGQELKRIGDEIKAYY	f100.csv,f100r.csv,m1.csv,m1r.csv,x1.csv,x100r.csv,x1r.csv	B	m_b
bh3_0678	GRWERETGQELRRIGDEIDAYY	f100.csv,f100r.csv,m1.csv,m1r.csv,x1.csv,x100r.csv,x1r.csv	B	m_b
bh3_0679	GRWERHIVQELIRIGDEVNAYY	f100.csv,f100r.csv,m1.csv,m1r.csv,x1.csv,x100r.csv,x1r.csv	B	m_b
bh3_0680	GRWERHVIQELTRIGDEVDAYY	f100.csv,f100r.csv,m1.csv,m1r.csv,x1.csv,x1r.csv	B	m_b
bh3_0681	GRWERQTVQELRRIGDEDDAYY	f100.csv,m1.csv,m1r.csv,x1.csv,x1r.csv	B	m_b
bh3_0682	GRWESHITQELIRIGDELKAYY	f100.csv,f100r.csv,m1.csv,m1r.csv,x1.csv,x100.csv,x1r.csv	B	m_b
bh3_0683	GRWEVEVSQELVRIGDEVNAYY	f100.csv,f100r.csv,m1.csv,x1.csv,x100.csv,x100r.csv,x1r.csv	B	m_b
bh3_0684	GRWEVQVSQELARIGDELDAYY	f100.csv,f100r.csv,m1.csv,m1r.csv,x1.csv,x100.csv,x100r.csv,x1r.csv	B	m_b
bh3_0685	GRWEYDAIQELVRIGDESDAYY	f100.csv,m1.csv,m1r.csv,x1.csv,x100r.csv	B	m_b
bh3_0686	GRWEYDVAQELIRIGDETQAYY	f100.csv,f100r.csv,m1.csv,m1r.csv,x1.csv,x100r.csv,x1r.csv	B	m_b
bh3_0687	GRWEYHISQELARIGDEIQAYY	f100.csv,f100r.csv,m1.csv,m1r.csv,x1.csv,x100.csv,x1r.csv	B	m_b
bh3_0688	GRWEYHVGQELGRIGDEYNAYY	f100.csv,m1.csv,m1r.csv,x1.csv,x100r.csv,x1r.csv	B	m_b
